Reactions,Single_gene,enzyme_mass,kcat_mean,kcat_std
PDH,b0114,0.03419896469390063,2.139792950877696,0.9302136146742939
PDH,b0114,0.03419896469390063,3.5743097356798272,2.282861178930637
PDH,b0114,0.03419896469390063,4.447060113881708,1.8728689102899527
EDA,b1850,0.01927362161273781,0.902042586964893,2.0135791704583403
OAADC,b1850,0.01927362161273781,1.3816972031863768,3.0882288291230546
OAADC,b1850,0.01927362161273781,8.838772666695029,19.75291502426333
PTAr,b2297,0.01801246025562998,3.5204207694951704,1.2592336396758976
PTAr,b2297,0.01801246025562998,6.459270944443598,2.6176842664402313
PTAr,b2297,0.01801246025562998,6.459270944443598,2.6176842664402313
PTA2,b2297,0.01801246025562998,6.459270944443598,2.6176842664402313
PTA2,b2297,0.01801246025562998,6.459270944443598,2.6176842664402313
PTA2,b2297,0.01801246025562998,,
EDD,b1851,0.012338342545809575,4.087286999688239,3.1041384371199583
GLUtex,b1377,0.011939423664584213,9.748807961201386,4.170335808590442
GLUtex,b1377,0.011939423664584213,9.748807961201386,4.170335808590442
GLYtex,b1377,0.011939423664584213,5.594519435288058,2.6985472826875077
GLYtex,b1377,0.011939423664584213,5.594519435288058,2.6985472826875077
GLYALDtex,b1377,0.011939423664584213,2.4713782653430796,1.3670996278452738
GLYALDtex,b1377,0.011939423664584213,2.4713782653430796,1.3670996278452738
GLYBtex,b1377,0.011939423664584213,5.560619381676636,4.223230863751473
GLYBtex,b1377,0.011939423664584213,5.560619381676636,4.223230863751473
GLYCtex,b1377,0.011939423664584213,6.092915711632085,3.270489787593381
GLYCtex,b1377,0.011939423664584213,6.092915711632085,3.270489787593381
GLYC3Ptex,b1377,0.011939423664584213,3.2148529682417135,1.5266618175245634
GLYC3Ptex,b1377,0.011939423664584213,3.2148529682417135,1.5266618175245634
GLYCLTtex,b1377,0.011939423664584213,14.134805330413077,8.758707790169483
GLYCLTtex,b1377,0.011939423664584213,14.134805330413077,8.758707790169483
GTPtex,b1377,0.011939423664584213,2.814544895099015,0.6951009893836892
GTPtex,b1377,0.011939423664584213,2.814544895099015,0.6951009893836892
Htex,b1377,0.011939423664584213,8.286805110566636,3.3976029682241604
Htex,b1377,0.011939423664584213,8.286805110566636,3.3976029682241604
H2tex,b1377,0.011939423664584213,7.184388257867002,3.2765153163174885
H2tex,b1377,0.011939423664584213,7.184388257867002,3.2765153163174885
H2Otex,b1377,0.011939423664584213,,
DAPtex,b1377,0.011939423664584213,4.34781372248251,1.9782053358350506
DAPtex,b1377,0.011939423664584213,4.34781372248251,1.9782053358350506
12PPDStex,b1377,0.011939423664584213,7.43639646866805,3.7475623553405724
12PPDStex,b1377,0.011939423664584213,7.43639646866805,3.7475623553405724
DDGLCNtex,b1377,0.011939423664584213,4.825692532491777,2.0973423989547784
DDGLCNtex,b1377,0.011939423664584213,4.825692532491777,2.0973423989547784
26DAHtex,b1377,0.011939423664584213,26.456517513295644,11.234736974442905
26DAHtex,b1377,0.011939423664584213,26.456517513295644,11.234736974442905
HCINNMtex,b1377,0.011939423664584213,3.134601640908312,1.2995354943291801
HCINNMtex,b1377,0.011939423664584213,3.134601640908312,1.2995354943291801
HPPPNtex,b1377,0.011939423664584213,4.118812817046692,1.9075017605835167
HPPPNtex,b1377,0.011939423664584213,4.118812817046692,1.9075017605835167
ACtex,b1377,0.011939423664584213,12.119831869837707,6.375855516388797
ACtex,b1377,0.011939423664584213,12.119831869837707,6.375855516388797
ACALDtex,b1377,0.011939423664584213,18.816814380145317,10.827612237214037
ACALDtex,b1377,0.011939423664584213,18.816814380145317,10.827612237214037
ACMANAtex,b1377,0.011939423664584213,12.117010925722932,5.366650277682535
ACMANAtex,b1377,0.011939423664584213,12.117010925722932,5.366650277682535
ACMUMtex,b1377,0.011939423664584213,15.196772366576312,6.920205430215451
GALtex,b1377,0.011939423664584213,12.251317955914834,5.032003218749537
GALtex,b1377,0.011939423664584213,12.251317955914834,5.032003218749537
GALCTtex,b1377,0.011939423664584213,11.629972155568842,5.62683868663792
GALCTtex,b1377,0.011939423664584213,11.629972155568842,5.62683868663792
GALCTNtex,b1377,0.011939423664584213,4.790694840363882,2.384836888880507
GALCTNtex,b1377,0.011939423664584213,4.790694840363882,2.384836888880507
GALTtex,b1377,0.011939423664584213,5.45552772801683,2.5435904710169104
GALTtex,b1377,0.011939423664584213,5.45552772801683,2.5435904710169104
GALURtex,b1377,0.011939423664584213,16.923154178417406,6.983990231663259
GALURtex,b1377,0.011939423664584213,16.923154178417406,6.983990231663259
GAMtex,b1377,0.011939423664584213,2.9910739481779656,1.51443848492989
GAMtex,b1377,0.011939423664584213,2.9910739481779656,1.51443848492989
GBBTNtex,b1377,0.011939423664584213,5.483624590726909,3.005709432090918
GBBTNtex,b1377,0.011939423664584213,5.483624590726909,3.005709432090918
HIStex,b1377,0.011939423664584213,2.3640433957518523,1.6294398378466772
HIStex,b1377,0.011939423664584213,2.3640433957518523,1.6294398378466772
HXAtex,b1377,0.011939423664584213,4.765500014722123,2.510550328086041
HXAtex,b1377,0.011939423664584213,4.765500014722123,2.510550328086041
HYXNtex,b1377,0.011939423664584213,4.246872616820957,2.331572628332145
HYXNtex,b1377,0.011939423664584213,4.246872616820957,2.331572628332145
IDONtex,b1377,0.011939423664584213,4.790694840363882,2.384836888880507
IDONtex,b1377,0.011939423664584213,4.790694840363882,2.384836888880507
ILEtex,b1377,0.011939423664584213,11.34253239381789,7.694617158525295
ILEtex,b1377,0.011939423664584213,11.34253239381789,7.694617158525295
INSTtex,b1377,0.011939423664584213,13.347524956727165,6.465973154509386
INSTtex,b1377,0.011939423664584213,13.347524956727165,6.465973154509386
Ktex,b1377,0.011939423664584213,13.692519470266703,5.937239219639445
Ktex,b1377,0.011939423664584213,13.692519470266703,5.937239219639445
D_LACtex,b1377,0.011939423664584213,10.026662868056437,5.841244343225169
D_LACtex,b1377,0.011939423664584213,10.026662868056437,5.841244343225169
FRULYStex,b1377,0.011939423664584213,56.286362668347195,51.626567283341224
FRULYStex,b1377,0.011939423664584213,56.286362668347195,51.626567283341224
ASPtex,b1377,0.011939423664584213,7.80826485338098,4.058836540784879
ASPtex,b1377,0.011939423664584213,7.80826485338098,4.058836540784879
INDOLEtex,b1377,0.011939423664584213,0.8722051658120733,0.5188701366551747
INDOLEtex,b1377,0.011939423664584213,0.8722051658120733,0.5188701366551747
L_LACtex,b1377,0.011939423664584213,10.026662868056437,5.841244343225169
L_LACtex,b1377,0.011939423664584213,10.026662868056437,5.841244343225169
GLCRtex,b1377,0.011939423664584213,,
GLCNtex,b1377,0.011939423664584213,4.790694840363882,2.384836888880507
GLCNtex,b1377,0.011939423664584213,4.790694840363882,2.384836888880507
GLCURtex,b1377,0.011939423664584213,16.923154178417406,6.983990231663259
GLCURtex,b1377,0.011939423664584213,16.923154178417406,6.983990231663259
GLNtex,b1377,0.011939423664584213,11.608990165829827,3.8432382129703484
GLNtex,b1377,0.011939423664584213,11.608990165829827,3.8432382129703484
O2tex,b1377,0.011939423664584213,5.239066506298582,2.352524084451329
O2tex,b1377,0.011939423664584213,5.239066506298582,2.352524084451329
OCTAtex,b1377,0.011939423664584213,3.0937934879427154,1.7747945895863373
OCTAtex,b1377,0.011939423664584213,3.0937934879427154,1.7747945895863373
ORNtex,b1377,0.011939423664584213,23.50614297774082,8.997068567684781
ORNtex,b1377,0.011939423664584213,23.50614297774082,8.997068567684781
RMNtex,b1377,0.011939423664584213,26.83046283584642,12.915001502516462
RMNtex,b1377,0.011939423664584213,26.83046283584642,12.915001502516462
PHEtex,b1377,0.011939423664584213,4.106140915703932,1.9065327634177516
PHEtex,b1377,0.011939423664584213,4.106140915703932,1.9065327634177516
PItex,b1377,0.011939423664584213,9.748746002394125,4.923234381563167
PItex,b1377,0.011939423664584213,9.748746002394125,4.923234381563167
PNTOtex,b1377,0.011939423664584213,2.3138211399826694,1.0481538182510342
PNTOtex,b1377,0.011939423664584213,2.3138211399826694,1.0481538182510342
PPPNtex,b1377,0.011939423664584213,5.635784520061391,3.0344984390218834
PPPNtex,b1377,0.011939423664584213,5.635784520061391,3.0344984390218834
PPTtex,b1377,0.011939423664584213,,
PTRCtex,b1377,0.011939423664584213,6.342804782792209,3.024225918435875
PTRCtex,b1377,0.011939423664584213,6.342804782792209,3.024225918435875
PYRtex,b1377,0.011939423664584213,21.401012232570963,11.599584520592021
PYRtex,b1377,0.011939423664584213,21.401012232570963,11.599584520592021
DSERtex,b1377,0.011939423664584213,5.148707109796386,2.7151498749249425
DSERtex,b1377,0.011939423664584213,5.148707109796386,2.7151498749249425
SERtex,b1377,0.011939423664584213,5.148707109796386,2.7151498749249425
SERtex,b1377,0.011939423664584213,5.148707109796386,2.7151498749249425
SO4tex,b1377,0.011939423664584213,7.451131439222427,2.9139126512116804
SO4tex,b1377,0.011939423664584213,7.451131439222427,2.9139126512116804
SPMDtex,b1377,0.011939423664584213,14.097094030419118,9.685948679568616
SPMDtex,b1377,0.011939423664584213,14.097094030419118,9.685948679568616
SUCCtex,b1377,0.011939423664584213,10.744467677731128,4.701421988067387
SUCCtex,b1377,0.011939423664584213,10.744467677731128,4.701421988067387
SUCRtex,b1377,0.011939423664584213,35.29406684640485,19.887169744595738
SUCRtex,b1377,0.011939423664584213,35.29406684640485,19.887169744595738
TARTRtex,b1377,0.011939423664584213,8.527319172451481,4.618700037356611
TARTRtex,b1377,0.011939423664584213,8.527319172451481,4.618700037356611
TAURtex,b1377,0.011939423664584213,51.283834728301734,30.146446142939517
TAURtex,b1377,0.011939423664584213,51.283834728301734,30.146446142939517
THRtex,b1377,0.011939423664584213,6.416290028318185,3.7549235412140765
THRtex,b1377,0.011939423664584213,6.416290028318185,3.7549235412140765
THMDtex,b1377,0.011939423664584213,5.062808817805318,2.3192149489516827
THMDtex,b1377,0.011939423664584213,5.062808817805318,2.3192149489516827
METDtex,b1377,0.011939423664584213,21.980980657419842,8.789672410618772
METDtex,b1377,0.011939423664584213,21.980980657419842,8.789672410618772
METtex,b1377,0.011939423664584213,21.980980657419842,8.789672410618772
METtex,b1377,0.011939423664584213,21.980980657419842,8.789672410618772
MNLtex,b1377,0.011939423664584213,5.45552772801683,2.5435904710169104
MNLtex,b1377,0.011939423664584213,5.45552772801683,2.5435904710169104
NAtex,b1377,0.011939423664584213,11.62334711378542,5.116237291354077
NAtex,b1377,0.011939423664584213,11.62334711378542,5.116237291354077
NACtex,b1377,0.011939423664584213,2.564488931193631,1.067189695696657
NACtex,b1377,0.011939423664584213,2.564488931193631,1.067189695696657
NH4tex,b1377,0.011939423664584213,10.988288584779504,4.945386465149984
NH4tex,b1377,0.011939423664584213,10.988288584779504,4.945386465149984
BUTtex,b1377,0.011939423664584213,,
CHLtex,b1377,0.011939423664584213,4.121156408639969,2.3128666656110703
CHLtex,b1377,0.011939423664584213,4.121156408639969,2.3128666656110703
CO2tex,b1377,0.011939423664584213,14.038641324852524,5.672445543728819
CO2tex,b1377,0.011939423664584213,14.038641324852524,5.672445543728819
CRNtex,b1377,0.011939423664584213,11.707941266372234,6.575922441666027
CRNtex,b1377,0.011939423664584213,11.707941266372234,6.575922441666027
DINStex,b1377,0.011939423664584213,6.792780472028348,2.77205454769599
DINStex,b1377,0.011939423664584213,6.792780472028348,2.77205454769599
DMStex,b1377,0.011939423664584213,7.94016160126953,4.574040094451334
DMStex,b1377,0.011939423664584213,7.94016160126953,4.574040094451334
CSNtex,b1377,0.011939423664584213,2.342776817369953,1.0067285924642186
CSNtex,b1377,0.011939423664584213,2.342776817369953,1.0067285924642186
CYNTtex,b1377,0.011939423664584213,5.734822361539108,2.4635634072322383
CYNTtex,b1377,0.011939423664584213,5.734822361539108,2.4635634072322383
CYStex,b1377,0.011939423664584213,6.756831363734176,2.2871421540307044
CYStex,b1377,0.011939423664584213,6.756831363734176,2.2871421540307044
CYTDtex,b1377,0.011939423664584213,4.945025727419326,1.5735925287902077
CYTDtex,b1377,0.011939423664584213,4.945025727419326,1.5735925287902077
DCAtex,b1377,0.011939423664584213,,
DGSNtex,b1377,0.011939423664584213,4.292511567884693,2.1092964975932365
DGSNtex,b1377,0.011939423664584213,4.292511567884693,2.1092964975932365
LCTStex,b1377,0.011939423664584213,,
LEUtex,b1377,0.011939423664584213,11.526678825659479,6.4336563434819665
LEUtex,b1377,0.011939423664584213,11.526678825659479,6.4336563434819665
LYStex,b1377,0.011939423664584213,13.275811403808296,6.2011971284379
LYStex,b1377,0.011939423664584213,13.275811403808296,6.2011971284379
LYXtex,b1377,0.011939423664584213,28.553727211378423,13.572792103857939
LYXtex,b1377,0.011939423664584213,28.553727211378423,13.572792103857939
MANtex,b1377,0.011939423664584213,15.813313682878592,10.287005148638238
MANtex,b1377,0.011939423664584213,15.813313682878592,10.287005148638238
MAN6Ptex,b1377,0.011939423664584213,19.9311157697433,8.842863058545504
MAN6Ptex,b1377,0.011939423664584213,19.9311157697433,8.842863058545504
MELIBtex,b1377,0.011939423664584213,,
DMSOtex,b1377,0.011939423664584213,5.645784257361148,2.3458082551569293
DMSOtex,b1377,0.011939423664584213,5.645784257361148,2.3458082551569293
FRUtex,b1377,0.011939423664584213,20.273922995771663,5.5438088014622355
FRUtex,b1377,0.011939423664584213,20.273922995771663,5.5438088014622355
FUCtex,b1377,0.011939423664584213,,
FUMtex,b1377,0.011939423664584213,11.337110525735588,4.55147183692643
FUMtex,b1377,0.011939423664584213,11.337110525735588,4.55147183692643
FE2tex,b1377,0.011939423664584213,11.24850557636033,6.281602336384776
FE2tex,b1377,0.011939423664584213,11.24850557636033,6.281602336384776
NMNtex,b1377,0.011939423664584213,12.700226783551479,6.561899743811145
NMNtex,b1377,0.011939423664584213,12.700226783551479,6.561899743811145
NO2tex,b1377,0.011939423664584213,11.32554054360126,4.436258901655632
NO2tex,b1377,0.011939423664584213,11.32554054360126,4.436258901655632
GDPtex,b1377,0.011939423664584213,3.2791742554738237,0.8488853392415635
GDPtex,b1377,0.011939423664584213,3.2791742554738237,0.8488853392415635
TMAtex,b1377,0.011939423664584213,13.530059600430175,7.082501406850393
TMAtex,b1377,0.011939423664584213,13.530059600430175,7.082501406850393
TMAOtex,b1377,0.011939423664584213,12.053605095191296,6.782649187827241
TMAOtex,b1377,0.011939423664584213,12.053605095191296,6.782649187827241
TREtex,b1377,0.011939423664584213,15.666199475651414,6.078618785361899
TREtex,b1377,0.011939423664584213,15.666199475651414,6.078618785361899
TRPtex,b1377,0.011939423664584213,2.107782416286441,1.1504416339721162
TRPtex,b1377,0.011939423664584213,2.107782416286441,1.1504416339721162
TSULtex,b1377,0.011939423664584213,15.835503884968707,5.766898632993085
TSULtex,b1377,0.011939423664584213,15.835503884968707,5.766898632993085
TYRtex,b1377,0.011939423664584213,5.765352772864692,2.2008958838191983
TYRtex,b1377,0.011939423664584213,5.765352772864692,2.2008958838191983
URAtex,b1377,0.011939423664584213,5.149730149392257,1.9029971796678535
URAtex,b1377,0.011939423664584213,5.149730149392257,1.9029971796678535
UREAtex,b1377,0.011939423664584213,11.331886714797552,5.286373266271699
UREAtex,b1377,0.011939423664584213,11.331886714797552,5.286373266271699
VALtex,b1377,0.011939423664584213,6.7699535834871325,3.715448360689238
VALtex,b1377,0.011939423664584213,6.7699535834871325,3.715448360689238
XANtex,b1377,0.011939423664584213,7.125277546508466,3.592151361152094
XANtex,b1377,0.011939423664584213,7.125277546508466,3.592151361152094
XYLtex,b1377,0.011939423664584213,28.553727211378423,13.572792103857939
XYLtex,b1377,0.011939423664584213,28.553727211378423,13.572792103857939
ABUTtex,b1377,0.011939423664584213,8.521734457859955,3.8143869160181176
ABUTtex,b1377,0.011939423664584213,8.521734457859955,3.8143869160181176
23CAMPtex,b1377,0.011939423664584213,4.846265956135044,2.08154130085441
23CAMPtex,b1377,0.011939423664584213,4.846265956135044,2.08154130085441
23CCMPtex,b1377,0.011939423664584213,2.005535569607402,0.9812750322247453
23CCMPtex,b1377,0.011939423664584213,2.005535569607402,0.9812750322247453
23CUMPtex,b1377,0.011939423664584213,3.9425891172846876,2.083839014579336
23CUMPtex,b1377,0.011939423664584213,3.9425891172846876,2.083839014579336
23CGMPtex,b1377,0.011939423664584213,2.14115707224106,1.1406939639950906
23CGMPtex,b1377,0.011939423664584213,2.14115707224106,1.1406939639950906
3AMPtex,b1377,0.011939423664584213,33.79063785159061,21.27906617117883
3AMPtex,b1377,0.011939423664584213,33.79063785159061,21.27906617117883
3CMPtex,b1377,0.011939423664584213,11.065534564086752,3.554303032319678
3CMPtex,b1377,0.011939423664584213,11.065534564086752,3.554303032319678
ETHSO3tex,b1377,0.011939423664584213,17.36119023604514,7.158324005973044
ETHSO3tex,b1377,0.011939423664584213,17.36119023604514,7.158324005973044
BUTSO3tex,b1377,0.011939423664584213,11.64671881663567,6.579816478669887
BUTSO3tex,b1377,0.011939423664584213,11.64671881663567,6.579816478669887
LIPOtex,b1377,0.011939423664584213,5.748358857977235,3.047452173718036
LIPOtex,b1377,0.011939423664584213,5.748358857977235,3.047452173718036
GALBDtex,b1377,0.011939423664584213,12.251317955914834,5.032003218749537
GALBDtex,b1377,0.011939423664584213,12.251317955914834,5.032003218749537
SULFACtex,b1377,0.011939423664584213,18.549684693148514,7.408826823513134
SULFACtex,b1377,0.011939423664584213,18.549684693148514,7.408826823513134
NOtex,b1377,0.011939423664584213,,
N2Otex,b1377,0.011939423664584213,17.11535267772644,9.23008944928683
N2Otex,b1377,0.011939423664584213,17.11535267772644,9.23008944928683
PEAMNtex,b1377,0.011939423664584213,5.36639861785258,3.1409948497043367
PEAMNtex,b1377,0.011939423664584213,5.36639861785258,3.1409948497043367
PACALDtex,b1377,0.011939423664584213,11.739250955780335,4.531589776184381
PACALDtex,b1377,0.011939423664584213,11.739250955780335,4.531589776184381
CYANtex,b1377,0.011939423664584213,9.554275544044938,4.409706625639397
CYANtex,b1377,0.011939423664584213,9.554275544044938,4.409706625639397
SO3tex,b1377,0.011939423664584213,3.690150019076969,1.681396030052983
SO3tex,b1377,0.011939423664584213,3.690150019076969,1.681396030052983
TCYNTtex,b1377,0.011939423664584213,2.132486005023125,0.7702065019312623
TCYNTtex,b1377,0.011939423664584213,2.132486005023125,0.7702065019312623
METSOX1tex,b1377,0.011939423664584213,,
METSOX2tex,b1377,0.011939423664584213,9.802188968966485,4.347180727203759
METSOX2tex,b1377,0.011939423664584213,9.802188968966485,4.347180727203759
3UMPtex,b1377,0.011939423664584213,14.841122081590253,4.991732424379336
3UMPtex,b1377,0.011939423664584213,14.841122081590253,4.991732424379336
3GMPtex,b1377,0.011939423664584213,10.289013759744954,5.022484110644275
3GMPtex,b1377,0.011939423664584213,10.289013759744954,5.022484110644275
DOPAtex,b1377,0.011939423664584213,5.790211802081368,4.8665668961314745
DOPAtex,b1377,0.011939423664584213,5.790211802081368,4.8665668961314745
4HOXPACDtex,b1377,0.011939423664584213,17.083052956648082,7.112775276588561
4HOXPACDtex,b1377,0.011939423664584213,17.083052956648082,7.112775276588561
ETHAtex,b1377,0.011939423664584213,5.453623480344848,2.714400042789239
ETHAtex,b1377,0.011939423664584213,5.453623480344848,2.714400042789239
G3PStex,b1377,0.011939423664584213,4.436818785605271,2.220677266170546
G3PStex,b1377,0.011939423664584213,4.436818785605271,2.220677266170546
ACGAL1Ptex,b1377,0.011939423664584213,,
ACGALtex,b1377,0.011939423664584213,12.117010925722932,5.366650277682535
ACGALtex,b1377,0.011939423664584213,12.117010925722932,5.366650277682535
GLCUR1Ptex,b1377,0.011939423664584213,,
UDPGLCURtex,b1377,0.011939423664584213,2.428858312548196,1.1322312723654384
UDPGLCURtex,b1377,0.011939423664584213,2.428858312548196,1.1322312723654384
ISETACtex,b1377,0.011939423664584213,42.62401348856958,24.387156547824468
ISETACtex,b1377,0.011939423664584213,42.62401348856958,24.387156547824468
UDPGtex,b1377,0.011939423664584213,3.1329266999547736,1.2769054013202052
UDPGtex,b1377,0.011939423664584213,3.1329266999547736,1.2769054013202052
UDPGALtex,b1377,0.011939423664584213,3.1329266999547736,1.2769054013202052
UDPGALtex,b1377,0.011939423664584213,3.1329266999547736,1.2769054013202052
ACGAM1Ptex,b1377,0.011939423664584213,14.722030209875587,9.701546466166313
ACGAM1Ptex,b1377,0.011939423664584213,14.722030209875587,9.701546466166313
UACGAMtex,b1377,0.011939423664584213,3.538566464244525,2.325691745047871
UACGAMtex,b1377,0.011939423664584213,3.538566464244525,2.325691745047871
UDPACGALtex,b1377,0.011939423664584213,3.538566464244525,2.325691745047871
UDPACGALtex,b1377,0.011939423664584213,3.538566464244525,2.325691745047871
MSO3tex,b1377,0.011939423664584213,12.784230921996363,4.811788768070391
MSO3tex,b1377,0.011939423664584213,12.784230921996363,4.811788768070391
GLYC2Ptex,b1377,0.011939423664584213,7.2341757210195015,3.8287736771551066
GLYC2Ptex,b1377,0.011939423664584213,7.2341757210195015,3.8287736771551066
PSERtex,b1377,0.011939423664584213,7.623965928801252,3.983208860477821
PSERtex,b1377,0.011939423664584213,7.623965928801252,3.983208860477821
R5Ptex,b1377,0.011939423664584213,17.405722215994793,7.101171741118094
R5Ptex,b1377,0.011939423664584213,17.405722215994793,7.101171741118094
THRPtex,b1377,0.011939423664584213,28.175757072878707,19.41130131337047
THRPtex,b1377,0.011939423664584213,28.175757072878707,19.41130131337047
TYRPtex,b1377,0.011939423664584213,9.204939138703077,2.77912789322739
TYRPtex,b1377,0.011939423664584213,9.204939138703077,2.77912789322739
CITtex,b1377,0.011939423664584213,6.239288007340424,4.338685343589991
CITtex,b1377,0.011939423664584213,6.239288007340424,4.338685343589991
ACGAtex,b1377,0.011939423664584213,12.117010925722932,5.366650277682535
ACGAtex,b1377,0.011939423664584213,12.117010925722932,5.366650277682535
G6Ptex,b1377,0.011939423664584213,19.9311157697433,8.842863058545504
G6Ptex,b1377,0.011939423664584213,19.9311157697433,8.842863058545504
MOBDtex,b1377,0.011939423664584213,6.122867452146332,4.197297831836589
MOBDtex,b1377,0.011939423664584213,6.122867452146332,4.197297831836589
NI2tex,b1377,0.011939423664584213,,
H2O2tex,b1377,0.011939423664584213,8.641521672586734,4.686980436822933
H2O2tex,b1377,0.011939423664584213,8.641521672586734,4.686980436822933
ADEtex,b1377,0.011939423664584213,5.12076688254494,2.0445230762718962
ADEtex,b1377,0.011939423664584213,5.12076688254494,2.0445230762718962
AGMtex,b1377,0.011939423664584213,2.0979794455942473,1.0844197967720923
AGMtex,b1377,0.011939423664584213,2.0979794455942473,1.0844197967720923
ALAtex,b1377,0.011939423664584213,4.192369928771281,2.62604928898538
ALAtex,b1377,0.011939423664584213,4.192369928771281,2.62604928898538
BALAtex,b1377,0.011939423664584213,5.342301736397653,2.9774637905421875
BALAtex,b1377,0.011939423664584213,5.342301736397653,2.9774637905421875
DALAtex,b1377,0.011939423664584213,4.192369928771281,2.62604928898538
DALAtex,b1377,0.011939423664584213,4.192369928771281,2.62604928898538
AMPtex,b1377,0.011939423664584213,,
ARBtex,b1377,0.011939423664584213,12.68594964181184,11.557738829830589
ARBtex,b1377,0.011939423664584213,12.68594964181184,11.557738829830589
ARGtex,b1377,0.011939423664584213,7.942497682094592,3.830117540260422
ARGtex,b1377,0.011939423664584213,7.942497682094592,3.830117540260422
ASCBtex,b1377,0.011939423664584213,5.265205148280096,3.759800747811604
ASCBtex,b1377,0.011939423664584213,5.265205148280096,3.759800747811604
MMETtex,b1377,0.011939423664584213,5.052959402523823,1.941238779317556
MMETtex,b1377,0.011939423664584213,5.052959402523823,1.941238779317556
FE3tex,b1377,0.011939423664584213,10.566401384814515,4.234782465765959
FE3tex,b1377,0.011939423664584213,10.566401384814515,4.234782465765959
MG2tex,b1377,0.011939423664584213,9.207653878782972,3.8738043712333785
MG2tex,b1377,0.011939423664584213,9.207653878782972,3.8738043712333785
Zn2tex,b1377,0.011939423664584213,8.78330518821924,4.405919309472657
Zn2tex,b1377,0.011939423664584213,8.78330518821924,4.405919309472657
CD2tex,b1377,0.011939423664584213,8.38611172862216,3.81478573070248
CD2tex,b1377,0.011939423664584213,8.38611172862216,3.81478573070248
ASO3tex,b1377,0.011939423664584213,10.852481737448123,5.009490667345464
ASO3tex,b1377,0.011939423664584213,10.852481737448123,5.009490667345464
MANGLYCtex,b1377,0.011939423664584213,5.006278024172254,2.6404831257906904
MANGLYCtex,b1377,0.011939423664584213,5.006278024172254,2.6404831257906904
FRUURtex,b1377,0.011939423664584213,41.40945269139511,17.33886566029368
FRUURtex,b1377,0.011939423664584213,41.40945269139511,17.33886566029368
GLYCAtex,b1377,0.011939423664584213,4.977918202558917,2.731656662749625
GLYCAtex,b1377,0.011939423664584213,4.977918202558917,2.731656662749625
COBALT2tex,b1377,0.011939423664584213,7.209761333714061,3.098638704149446
COBALT2tex,b1377,0.011939423664584213,7.209761333714061,3.098638704149446
DIMPtex,b1377,0.011939423664584213,3.093625954268525,1.8482866382470717
DIMPtex,b1377,0.011939423664584213,3.093625954268525,1.8482866382470717
XTSNtex,b1377,0.011939423664584213,4.450729501905116,1.8604360822950958
XTSNtex,b1377,0.011939423664584213,4.450729501905116,1.8604360822950958
HG2tex,b1377,0.011939423664584213,7.47024302063122,3.187749339699365
HG2tex,b1377,0.011939423664584213,7.47024302063122,3.187749339699365
DHAtex,b1377,0.011939423664584213,9.339088630159642,4.383938508751254
DHAtex,b1377,0.011939423664584213,9.339088630159642,4.383938508751254
ETOHtex,b1377,0.011939423664584213,6.962078035088192,3.297962290065704
ETOHtex,b1377,0.011939423664584213,6.962078035088192,3.297962290065704
ACACtex,b1377,0.011939423664584213,7.246388466856364,3.488828395433142
ACACtex,b1377,0.011939423664584213,7.246388466856364,3.488828395433142
H2Stex,b1377,0.011939423664584213,6.8667710273884595,2.475995351778902
H2Stex,b1377,0.011939423664584213,6.8667710273884595,2.475995351778902
4PEPTtex,b1377,0.011939423664584213,14.181516066688067,7.111361179393642
4PEPTtex,b1377,0.011939423664584213,14.181516066688067,7.111361179393642
CU2tex,b1377,0.011939423664584213,7.58412945744135,3.0902077081660306
CU2tex,b1377,0.011939423664584213,7.58412945744135,3.0902077081660306
CLtex,b1377,0.011939423664584213,6.466845827274466,2.0088040141401104
CLtex,b1377,0.011939423664584213,6.466845827274466,2.0088040141401104
PROtex,b1377,0.011939423664584213,5.4402534118534644,2.7792856626521742
PROtex,b1377,0.011939423664584213,5.4402534118534644,2.7792856626521742
SBTtex,b1377,0.011939423664584213,5.45552772801683,2.5435904710169104
SBTtex,b1377,0.011939423664584213,5.45552772801683,2.5435904710169104
AKGtex,b1377,0.011939423664584213,55.56341034644895,26.180478759840373
AKGtex,b1377,0.011939423664584213,55.56341034644895,26.180478759840373
ALLTNtex,b1377,0.011939423664584213,26.99693975298424,14.68467190673491
ALLTNtex,b1377,0.011939423664584213,26.99693975298424,14.68467190673491
ASNtex,b1377,0.011939423664584213,7.624482267392264,3.749429818413312
ASNtex,b1377,0.011939423664584213,7.624482267392264,3.749429818413312
TYMtex,b1377,0.011939423664584213,6.199027633453933,2.758220356782067
TYMtex,b1377,0.011939423664584213,6.199027633453933,2.758220356782067
CMPtex,b1377,0.011939423664584213,4.629352275191615,1.3943969602298745
CMPtex,b1377,0.011939423664584213,4.629352275191615,1.3943969602298745
DUMPtex,b1377,0.011939423664584213,6.261680518859713,3.4570597693043403
DUMPtex,b1377,0.011939423664584213,6.261680518859713,3.4570597693043403
XMPtex,b1377,0.011939423664584213,4.941628803183061,2.4825281045253673
XMPtex,b1377,0.011939423664584213,4.941628803183061,2.4825281045253673
3PEPTtex,b1377,0.011939423664584213,,
ANHGMtex,b1377,0.011939423664584213,2.5382996927827115,1.0500935002246634
ANHGMtex,b1377,0.011939423664584213,2.5382996927827115,1.0500935002246634
FALDtex,b1377,0.011939423664584213,10.424141689496984,3.8408008288355275
FALDtex,b1377,0.011939423664584213,10.424141689496984,3.8408008288355275
CYSDtex,b1377,0.011939423664584213,6.756831363734176,2.2871421540307044
CYSDtex,b1377,0.011939423664584213,6.756831363734176,2.2871421540307044
G3PItex,b1377,0.011939423664584213,8.453984071559448,3.2465947620305733
G3PItex,b1377,0.011939423664584213,8.453984071559448,3.2465947620305733
G3PGtex,b1377,0.011939423664584213,5.6151218189638445,2.5257713524651377
G3PGtex,b1377,0.011939423664584213,5.6151218189638445,2.5257713524651377
G3PEtex,b1377,0.011939423664584213,4.361139490259304,2.4729841366267924
G3PEtex,b1377,0.011939423664584213,4.361139490259304,2.4729841366267924
G3PCtex,b1377,0.011939423664584213,5.336886693416479,3.170694040243617
G3PCtex,b1377,0.011939423664584213,5.336886693416479,3.170694040243617
DAMPtex,b1377,0.011939423664584213,2.519748277802731,1.3518824284324686
DAMPtex,b1377,0.011939423664584213,2.519748277802731,1.3518824284324686
DCMPtex,b1377,0.011939423664584213,1.867386160123362,1.0067670732599563
DCMPtex,b1377,0.011939423664584213,1.867386160123362,1.0067670732599563
DGMPtex,b1377,0.011939423664584213,2.361976742009122,1.3855059403416454
DGMPtex,b1377,0.011939423664584213,2.361976742009122,1.3855059403416454
DTMPtex,b1377,0.011939423664584213,3.065080285740478,1.99481482484205
DTMPtex,b1377,0.011939423664584213,3.065080285740478,1.99481482484205
GMPtex,b1377,0.011939423664584213,2.998187222596198,0.9758565070690763
GMPtex,b1377,0.011939423664584213,2.998187222596198,0.9758565070690763
IMPtex,b1377,0.011939423664584213,9.376328213064596,5.118024255202828
IMPtex,b1377,0.011939423664584213,9.376328213064596,5.118024255202828
UMPtex,b1377,0.011939423664584213,6.662783865241588,3.0830297811969243
UMPtex,b1377,0.011939423664584213,6.662783865241588,3.0830297811969243
G1Ptex,b1377,0.011939423664584213,,
SKMtex,b1377,0.011939423664584213,43.12963214937715,11.675767649438445
SKMtex,b1377,0.011939423664584213,43.12963214937715,11.675767649438445
MNtex,b1377,0.011939423664584213,7.403748022499672,3.2925911651177757
MNtex,b1377,0.011939423664584213,7.403748022499672,3.2925911651177757
GAL1Ptex,b1377,0.011939423664584213,28.369603439033007,15.304507222066574
GAL1Ptex,b1377,0.011939423664584213,28.369603439033007,15.304507222066574
O2Stex,b1377,0.011939423664584213,,
HOMtex,b1377,0.011939423664584213,9.521414518385871,4.221814266621295
HOMtex,b1377,0.011939423664584213,9.521414518385871,4.221814266621295
SO2tex,b1377,0.011939423664584213,8.150377341507406,3.899135497075676
SO2tex,b1377,0.011939423664584213,8.150377341507406,3.899135497075676
ACSERtex,b1377,0.011939423664584213,6.133809461219262,3.2502120144390796
ACSERtex,b1377,0.011939423664584213,6.133809461219262,3.2502120144390796
ALAALAtex,b1377,0.011939423664584213,11.294877707985773,5.9061562930627245
ALAALAtex,b1377,0.011939423664584213,11.294877707985773,5.9061562930627245
MALtex,b1377,0.011939423664584213,10.661147651448903,5.792305287796421
MALtex,b1377,0.011939423664584213,10.661147651448903,5.792305287796421
NO3tex,b1377,0.011939423664584213,13.473009142071907,8.136090479103059
NO3tex,b1377,0.011939423664584213,13.473009142071907,8.136090479103059
GSNtex,b1377,0.011939423664584213,3.8950585610642063,1.648209565245933
GSNtex,b1377,0.011939423664584213,3.8950585610642063,1.648209565245933
FORtex,b1377,0.011939423664584213,13.335874294205027,6.88896177318296
FORtex,b1377,0.011939423664584213,13.335874294205027,6.88896177318296
RIBtex,b1377,0.011939423664584213,10.228396449529537,4.073728597436228
RIBtex,b1377,0.011939423664584213,10.228396449529537,4.073728597436228
THMtex,b1377,0.011939423664584213,3.2393146777030255,2.1349571814120845
THMtex,b1377,0.011939423664584213,3.2393146777030255,2.1349571814120845
XYLUtex,b1377,0.011939423664584213,12.275868331216012,5.344078614502792
XYLUtex,b1377,0.011939423664584213,12.275868331216012,5.344078614502792
ALLtex,b1377,0.011939423664584213,12.251317955914834,5.032003218749537
ALLtex,b1377,0.011939423664584213,12.251317955914834,5.032003218749537
34dhpactex,b1377,0.011939423664584213,22.130721913057897,14.754986773453032
34dhpactex,b1377,0.011939423664584213,22.130721913057897,14.754986773453032
23DAPPAtex,b1377,0.011939423664584213,3.5659554629414023,1.2290831382747918
23DAPPAtex,b1377,0.011939423664584213,3.5659554629414023,1.2290831382747918
GLCtex_copy2,b1377,0.011939423664584213,15.813313682878592,10.287005148638238
GLCtex_copy2,b1377,0.011939423664584213,15.813313682878592,10.287005148638238
PPALtex,b1377,0.011939423664584213,12.109440210021045,3.832754817969748
PPALtex,b1377,0.011939423664584213,12.109440210021045,3.832754817969748
CA2tex,b1377,0.011939423664584213,8.35414543750841,2.986360457356353
CA2tex,b1377,0.011939423664584213,8.35414543750841,2.986360457356353
CUtex,b1377,0.011939423664584213,8.14664741843767,3.5292800153263078
CUtex,b1377,0.011939423664584213,8.14664741843767,3.5292800153263078
12PPDRtex,b1377,0.011939423664584213,7.43639646866805,3.7475623553405724
12PPDRtex,b1377,0.011939423664584213,7.43639646866805,3.7475623553405724
F6Ptex,b1377,0.011939423664584213,3.7518970940873126,2.593632773879296
F6Ptex,b1377,0.011939423664584213,3.7518970940873126,2.593632773879296
GAMAN6Ptex,b1377,0.011939423664584213,4.3247637753633175,1.8677953741585995
GAMAN6Ptex,b1377,0.011939423664584213,4.3247637753633175,1.8677953741585995
PROGLYtex,b1377,0.011939423664584213,8.569591817426195,3.8620493382287315
PROGLYtex,b1377,0.011939423664584213,8.569591817426195,3.8620493382287315
CGLYtex,b1377,0.011939423664584213,7.838650527603397,4.314296241622808
CGLYtex,b1377,0.011939423664584213,7.838650527603397,4.314296241622808
GTHOXtex,b1377,0.011939423664584213,32.10026214673219,17.909304936123544
GTHOXtex,b1377,0.011939423664584213,32.10026214673219,17.909304936123544
GTHRDtex,b1377,0.011939423664584213,35.87434693554938,23.527006754022793
GTHRDtex,b1377,0.011939423664584213,35.87434693554938,23.527006754022793
TUNGStex,b1377,0.011939423664584213,13.101014272369733,7.9040029898928905
TUNGStex,b1377,0.011939423664584213,13.101014272369733,7.9040029898928905
GALCTNLtex,b1377,0.011939423664584213,4.790694840363882,2.384836888880507
GALCTNLtex,b1377,0.011939423664584213,4.790694840363882,2.384836888880507
MALDtex,b1377,0.011939423664584213,10.661147651448903,5.792305287796421
MALDtex,b1377,0.011939423664584213,10.661147651448903,5.792305287796421
OROTtex,b1377,0.011939423664584213,14.66431847853842,3.968151391187914
OROTtex,b1377,0.011939423664584213,14.66431847853842,3.968151391187914
5DGLCNtex,b1377,0.011939423664584213,41.40945269139511,17.33886566029368
5DGLCNtex,b1377,0.011939423664584213,41.40945269139511,17.33886566029368
PPAtex,b1377,0.011939423664584213,,
PSCLYStex,b1377,0.011939423664584213,56.286362668347195,51.626567283341224
PSCLYStex,b1377,0.011939423664584213,56.286362668347195,51.626567283341224
THYMtex,b1377,0.011939423664584213,3.6603891454235664,2.004959934549335
THYMtex,b1377,0.011939423664584213,3.6603891454235664,2.004959934549335
MINCYCtex,b1377,0.011939423664584213,3.6431457737422877,2.1206772901458364
MINCYCtex,b1377,0.011939423664584213,3.6431457737422877,2.1206772901458364
DOXRBCNtex,b1377,0.011939423664584213,0.4551363229475441,0.2665663578214834
DOXRBCNtex,b1377,0.011939423664584213,0.4551363229475441,0.2665663578214834
CMtex,b1377,0.011939423664584213,5.0124296060648765,5.2599021721204515
CMtex,b1377,0.011939423664584213,5.0124296060648765,5.2599021721204515
LALALGLUtex,b1377,0.011939423664584213,5.289950057073551,2.8049497700502073
LALALGLUtex,b1377,0.011939423664584213,5.289950057073551,2.8049497700502073
5MTRtex,b1377,0.011939423664584213,3.6665349649386116,1.0053516433812562
5MTRtex,b1377,0.011939423664584213,3.6665349649386116,1.0053516433812562
LALADGLUtex,b1377,0.011939423664584213,5.289950057073551,2.8049497700502073
LALADGLUtex,b1377,0.011939423664584213,5.289950057073551,2.8049497700502073
3HPPtex,b1377,0.011939423664584213,6.27319358374112,3.136012537168568
3HPPtex,b1377,0.011939423664584213,6.27319358374112,3.136012537168568
FUSAtex,b1377,0.011939423664584213,12.735530324017432,7.500960825799063
FUSAtex,b1377,0.011939423664584213,12.735530324017432,7.500960825799063
QUIN2tex,b1377,0.011939423664584213,27.178887367989724,13.884291007413573
QUIN2tex,b1377,0.011939423664584213,27.178887367989724,13.884291007413573
SELtex,b1377,0.011939423664584213,18.32373278060223,11.773642418749942
SELtex,b1377,0.011939423664584213,18.32373278060223,11.773642418749942
MEOHtex,b1377,0.011939423664584213,5.582560529463673,3.272100277247873
MEOHtex,b1377,0.011939423664584213,5.582560529463673,3.272100277247873
TTRCYCtex,b1377,0.011939423664584213,15.234938731497488,7.9322546680051875
TTRCYCtex,b1377,0.011939423664584213,15.234938731497488,7.9322546680051875
SLNTtex,b1377,0.011939423664584213,15.637054764901928,5.453665599515207
SLNTtex,b1377,0.011939423664584213,15.637054764901928,5.453665599515207
TARTRDtex,b1377,0.011939423664584213,8.527319172451481,4.618700037356611
TARTRDtex,b1377,0.011939423664584213,8.527319172451481,4.618700037356611
BTNtex,b1377,0.011939423664584213,4.00539498974479,2.8179757876615197
BTNtex,b1377,0.011939423664584213,4.00539498974479,2.8179757876615197
ARBTtex,b1377,0.011939423664584213,20.474365023532872,10.416054627104574
PYDXtex,b1377,0.011939423664584213,6.479380707318643,2.271836448887604
PYDXtex,b1377,0.011939423664584213,6.479380707318643,2.271836448887604
PYDXNtex,b1377,0.011939423664584213,2.009582148423984,1.4099087006390387
PYDXNtex,b1377,0.011939423664584213,2.009582148423984,1.4099087006390387
PYDAMtex,b1377,0.011939423664584213,1.7377572917357185,0.8062445128963126
PYDAMtex,b1377,0.011939423664584213,1.7377572917357185,0.8062445128963126
CHTBStex,b1377,0.011939423664584213,,
CRNDtex,b1377,0.011939423664584213,11.707941266372234,6.575922441666027
CRNDtex,b1377,0.011939423664584213,11.707941266372234,6.575922441666027
DXYLONtex,b1377,0.011939423664584213,,
PSURItex,b1377,0.011939423664584213,,
FMNtex,b1377,0.011939423664584213,7.052916320151525,3.294868000541848
FMNtex,b1377,0.011939423664584213,7.052916320151525,3.294868000541848
CLBtex,b1377,0.011939423664584213,24.79719878452493,10.685660657812795
CLBtex,b1377,0.011939423664584213,24.79719878452493,10.685660657812795
FADtex,b1377,0.011939423664584213,10.615097498330343,10.261314806563092
FADtex,b1377,0.011939423664584213,10.615097498330343,10.261314806563092
2DGLCtex,b1377,0.011939423664584213,,
URATEtex,b1377,0.011939423664584213,15.794897738007043,6.261390042551255
URATEtex,b1377,0.011939423664584213,15.794897738007043,6.261390042551255
Ftex,b1377,0.011939423664584213,,
CYSItex,b1377,0.011939423664584213,6.976040633359216,3.414747163745677
CYSItex,b1377,0.011939423664584213,6.976040633359216,3.414747163745677
CS1tex,b1377,0.011939423664584213,,
MEPNtex,b1377,0.011939423664584213,,
4ABZGLUtex,b1377,0.011939423664584213,,
METGLCURtex,b1377,0.011939423664584213,,
AI2tex,b1377,0.011939423664584213,4.237050747478863,1.8007220291398987
AI2tex,b1377,0.011939423664584213,4.237050747478863,1.8007220291398987
PDH,b0115,0.011359118254747202,2.2091078272158367,0.7069997767835609
PDH,b0115,0.011359118254747202,3.0962335412079756,1.4804901231880896
PDH,b0115,0.011359118254747202,12.064756321011187,7.228251794461625
GLYCL,b0116,0.008711207875605621,2.418053622198601,1.3043127186615666
GLYCL,b0116,0.008711207875605621,5.178762395928607,3.403693348872752
GLYCL,b0116,0.008711207875605621,5.178762395928607,3.403693348872752
GLYCL,b0116,0.008711207875605621,5.178762395928607,3.403693348872752
GLYCL,b0116,0.008711207875605621,2.436771014766367,0.8899948454619124
AKGDH,b0116,0.008711207875605621,28.593821541520406,15.66088191495923
AKGDH,b0116,0.008711207875605621,5.928516992651593,1.5479277312643545
AKGDH,b0116,0.008711207875605621,5.928516992651593,1.5479277312643545
AKGDH,b0116,0.008711207875605621,5.178762395928607,3.403693348872752
AKGDH,b0116,0.008711207875605621,5.178762395928607,3.403693348872752
AKGDH,b0116,0.008711207875605621,5.178762395928607,3.403693348872752
PDH,b0116,0.008711207875605621,5.928516992651593,1.5479277312643545
PDH,b0116,0.008711207875605621,5.928516992651593,1.5479277312643545
PDH,b0116,0.008711207875605621,5.178762395928607,3.403693348872752
PDH,b0116,0.008711207875605621,5.178762395928607,3.403693348872752
PDH,b0116,0.008711207875605621,5.178762395928607,3.403693348872752
PDH,b0116,0.008711207875605621,10.124879827916327,4.747137099727175
GALt2pp,b2943,0.004691341339294118,13.500691400819466,7.398225888693856
GALt2pp,b2943,0.004691341339294118,8.521133280142061,5.579540190638559
GALt2pp,b2943,0.004691341339294118,8.521133280142061,5.579540190638559
GLCt2pp,b2943,0.004691341339294118,10.938724811495184,9.223396215503369
GLCt2pp,b2943,0.004691341339294118,8.521133280142061,5.579540190638559
GLCt2pp,b2943,0.004691341339294118,8.521133280142061,5.579540190638559
PYK,b1854,0.004597767344547931,12.309602825492153,7.533456417558905
PYK,b1854,0.004597767344547931,6.3241358325014785,2.2580172654821142
PYK,b1854,0.004597767344547931,6.3241358325014785,2.2580172654821142
PYK,b1854,0.004597767344547931,6.3241358325014785,2.2580172654821142
PYK,b1854,0.004597767344547931,6.3241358325014785,2.2580172654821142
PYK,b1854,0.004597767344547931,6.3241358325014785,2.2580172654821142
PYK,b1854,0.004597767344547931,5.479828680900604,2.788826488454936
PYK,b1854,0.004597767344547931,5.479828680900604,2.788826488454936
PYK,b1854,0.004597767344547931,5.479828680900604,2.788826488454936
PYK,b1854,0.004597767344547931,5.479828680900604,2.788826488454936
PYK,b1854,0.004597767344547931,5.479828680900604,2.788826488454936
PYK2,b1854,0.004597767344547931,6.3241358325014785,2.2580172654821142
PYK2,b1854,0.004597767344547931,6.3241358325014785,2.2580172654821142
PYK2,b1854,0.004597767344547931,6.3241358325014785,2.2580172654821142
PYK2,b1854,0.004597767344547931,6.3241358325014785,2.2580172654821142
PYK2,b1854,0.004597767344547931,6.3241358325014785,2.2580172654821142
PYK2,b1854,0.004597767344547931,5.479828680900604,2.788826488454936
PYK2,b1854,0.004597767344547931,5.479828680900604,2.788826488454936
PYK2,b1854,0.004597767344547931,5.479828680900604,2.788826488454936
PYK2,b1854,0.004597767344547931,5.479828680900604,2.788826488454936
PYK2,b1854,0.004597767344547931,5.479828680900604,2.788826488454936
PYK2,b1854,0.004597767344547931,8.462087139468533,4.36688514871941
PYK3,b1854,0.004597767344547931,5.534491359394793,3.989529850514688
PYK3,b1854,0.004597767344547931,6.3241358325014785,2.2580172654821142
PYK3,b1854,0.004597767344547931,6.3241358325014785,2.2580172654821142
PYK3,b1854,0.004597767344547931,6.3241358325014785,2.2580172654821142
PYK3,b1854,0.004597767344547931,6.3241358325014785,2.2580172654821142
PYK3,b1854,0.004597767344547931,6.3241358325014785,2.2580172654821142
PYK3,b1854,0.004597767344547931,5.479828680900604,2.788826488454936
PYK3,b1854,0.004597767344547931,5.479828680900604,2.788826488454936
PYK3,b1854,0.004597767344547931,5.479828680900604,2.788826488454936
PYK3,b1854,0.004597767344547931,5.479828680900604,2.788826488454936
PYK3,b1854,0.004597767344547931,5.479828680900604,2.788826488454936
PYK4,b1854,0.004597767344547931,6.0077572349810415,4.12916856920063
PYK4,b1854,0.004597767344547931,6.3241358325014785,2.2580172654821142
PYK4,b1854,0.004597767344547931,6.3241358325014785,2.2580172654821142
PYK4,b1854,0.004597767344547931,6.3241358325014785,2.2580172654821142
PYK4,b1854,0.004597767344547931,6.3241358325014785,2.2580172654821142
PYK4,b1854,0.004597767344547931,6.3241358325014785,2.2580172654821142
PYK4,b1854,0.004597767344547931,5.479828680900604,2.788826488454936
PYK4,b1854,0.004597767344547931,5.479828680900604,2.788826488454936
PYK4,b1854,0.004597767344547931,5.479828680900604,2.788826488454936
PYK4,b1854,0.004597767344547931,5.479828680900604,2.788826488454936
PYK4,b1854,0.004597767344547931,5.479828680900604,2.788826488454936
PYK6,b1854,0.004597767344547931,4.834534180373483,2.4966442838328025
PYK6,b1854,0.004597767344547931,6.3241358325014785,2.2580172654821142
PYK6,b1854,0.004597767344547931,6.3241358325014785,2.2580172654821142
PYK6,b1854,0.004597767344547931,6.3241358325014785,2.2580172654821142
PYK6,b1854,0.004597767344547931,6.3241358325014785,2.2580172654821142
PYK6,b1854,0.004597767344547931,6.3241358325014785,2.2580172654821142
PYK6,b1854,0.004597767344547931,5.479828680900604,2.788826488454936
PYK6,b1854,0.004597767344547931,5.479828680900604,2.788826488454936
PYK6,b1854,0.004597767344547931,5.479828680900604,2.788826488454936
PYK6,b1854,0.004597767344547931,5.479828680900604,2.788826488454936
PYK6,b1854,0.004597767344547931,5.479828680900604,2.788826488454936
NADHPO,b0606,0.004255240990902487,8.076765995943138,6.189391968872806
NADHPO,b0606,0.004255240990902487,9.13322345934564,5.0357346006988495
NADHPO,b0606,0.004255240990902487,17.310366532424453,8.856112084436269
