Key,Value
GLUtex_b0929,5.416518724177684
GLYtex_b0929,5.484565810028503
GLYALDtex_b0929,1.2519964207070151
GLYBtex_b0929,8.115094025291034
GLYCtex_b0929,6.8779051395795205
GLYC3Ptex_b0929,6.976542163387556
GLYCLTtex_b0929,41.96162858663488
GTPtex_b0929,3.062363438406248
Htex_b0929,10.404632164405719
H2tex_b0929,25.239450253672697
H2Otex_b0929,
DAPtex_b0929,0.11253834609020032
12PPDStex_b0929,0.9650371863248407
DDGLCNtex_b0929,13.592762370420882
26DAHtex_b0929,146.00793202873623
HCINNMtex_b0929,11.443760100113339
HPPPNtex_b0929,11.618242441981856
ACtex_b0929,55.020994587827296
ACALDtex_b0929,62.928789291092805
ACMANAtex_b0929,34.57602657457125
ACMUMtex_b0929,21.37239456329999
GALtex_b0929,30.073676141285286
GALCTtex_b0929,60.40345836627029
GALCTNtex_b0929,4.903357709976939
GALTtex_b0929,4.1016571615140665
GALURtex_b0929,128.61995853577787
GAMtex_b0929,9.288720290852893
GBBTNtex_b0929,16.622911053905497
HIStex_b0929,3.5279743479605394
HXAtex_b0929,1.980196163563673
HYXNtex_b0929,11.849890683112289
IDONtex_b0929,1.5387643936015691
ILEtex_b0929,8.822734409566118
INSTtex_b0929,45.53104198542985
Ktex_b0929,47.56110360656275
D_LACtex_b0929,3.323873676808892
FRULYStex_b0929,115.02408444173662
ASPtex_b0929,19.362615853135885
INDOLEtex_b0929,1.6810083175285655
L_LACtex_b0929,8.17676323359028
GLCRtex_b0929,
GLCNtex_b0929,3.640519424117566
GLCURtex_b0929,68.0375407140734
GLNtex_b0929,9.892153232326843
O2tex_b0929,1.9827836453268133
OCTAtex_b0929,20.587756346333055
ORNtex_b0929,202.80176595098482
RMNtex_b0929,24.836370178202788
PHEtex_b0929,4.1113070424083045
PItex_b0929,-1.3888271457058938
PNTOtex_b0929,4.697013621019977
PPPNtex_b0929,8.84209321914198
PPTtex_b0929,
PTRCtex_b0929,3.2033142358724347
PYRtex_b0929,38.9486878980643
DSERtex_b0929,27.965413387907628
SERtex_b0929,5.419598253944829
SO4tex_b0929,46.30364106676219
SPMDtex_b0929,61.76642465295366
SUCCtex_b0929,61.41950829178104
SUCRtex_b0929,183.30863220255452
TARTRtex_b0929,0.21523479542710802
TAURtex_b0929,566.6302678324682
THRtex_b0929,32.30940884512163
THMDtex_b0929,16.612473782800166
METDtex_b0929,13.005373091612483
METtex_b0929,176.63926158295232
MNLtex_b0929,16.575182210225197
NAtex_b0929,22.56374893825552
NACtex_b0929,8.388823081747347
NH4tex_b0929,11.082537681442432
BUTtex_b0929,
CHLtex_b0929,0.615910687962885
CO2tex_b0929,42.235914001286375
CRNtex_b0929,40.23442660051547
DINStex_b0929,1.3353200473132918
DMStex_b0929,27.08045188551941
CSNtex_b0929,1.2883236526683621
CYNTtex_b0929,5.274874622395312
CYStex_b0929,41.665769094208144
CYTDtex_b0929,15.77023707983341
DCAtex_b0929,
DGSNtex_b0929,8.496571299122222
LCTStex_b0929,
LEUtex_b0929,3.357674804740134
LYStex_b0929,1.7681705279877475
LYXtex_b0929,41.318338096477866
MANtex_b0929,74.68360716401237
MAN6Ptex_b0929,8.042602756556253
MELIBtex_b0929,
DMSOtex_b0929,0.9197906613910404
FRUtex_b0929,48.304046580976106
FUCtex_b0929,
FUMtex_b0929,45.86886917887561
FE2tex_b0929,16.131210730874027
NMNtex_b0929,36.24864766936679
NO2tex_b0929,11.318791091011432
GDPtex_b0929,9.792344046689824
TMAtex_b0929,54.15305507197556
TMAOtex_b0929,42.31953879381487
TREtex_b0929,1.9748252028671829
TRPtex_b0929,0.26712794246467936
TSULtex_b0929,100.03556212682953
TYRtex_b0929,7.918226937298257
URAtex_b0929,13.327174076587605
UREAtex_b0929,11.339448743758231
VALtex_b0929,35.057466820656146
XANtex_b0929,9.797763627200354
XYLtex_b0929,6.3073613051465856
ABUTtex_b0929,-0.4434730557164393
23CAMPtex_b0929,20.015767165378886
23CCMPtex_b0929,4.585492165564725
23CUMPtex_b0929,26.59966618961074
23CGMPtex_b0929,1.206335575704233
3AMPtex_b0929,17.90780139795216
3CMPtex_b0929,10.694667292630747
ETHSO3tex_b0929,82.67715360254874
BUTSO3tex_b0929,8.82232444717588
LIPOtex_b0929,37.24340040444791
GALBDtex_b0929,36.70561689181147
SULFACtex_b0929,-0.1425172489993828
NOtex_b0929,
N2Otex_b0929,4.470791681612495
PEAMNtex_b0929,0.6802024867877334
PACALDtex_b0929,46.31043886217611
CYANtex_b0929,17.030700567040277
SO3tex_b0929,12.737768189406491
TCYNTtex_b0929,9.694455772766501
METSOX1tex_b0929,
METSOX2tex_b0929,22.632486039065302
3UMPtex_b0929,18.46542691742597
3GMPtex_b0929,40.89399070865161
DOPAtex_b0929,35.670460925954465
4HOXPACDtex_b0929,27.65060868084144
ETHAtex_b0929,13.657488700883734
G3PStex_b0929,16.244589081980493
ACGAL1Ptex_b0929,
ACGALtex_b0929,33.0789398044731
GLCUR1Ptex_b0929,
UDPGLCURtex_b0929,2.1542975412673626
ISETACtex_b0929,164.59475439433177
UDPGtex_b0929,1.405023912876
UDPGALtex_b0929,0.2280371100362673
ACGAM1Ptex_b0929,32.34131180452249
UACGAMtex_b0929,2.9322368550337305
UDPACGALtex_b0929,0.681823035440608
MSO3tex_b0929,71.59457394186279
GLYC2Ptex_b0929,29.765600922781616
PSERtex_b0929,71.56731448589927
R5Ptex_b0929,21.430766759989503
THRPtex_b0929,259.9558180894227
TYRPtex_b0929,47.42613704158399
CITtex_b0929,3.0777778636486697
ACGAtex_b0929,27.660838643391397
G6Ptex_b0929,62.8672868341419
MOBDtex_b0929,10.77078320072825
NI2tex_b0929,
H2O2tex_b0929,12.565676077912338
ADEtex_b0929,15.546876545383059
AGMtex_b0929,0.40849781987317335
ALAtex_b0929,35.42832064955879
BALAtex_b0929,11.274617442166875
DALAtex_b0929,35.42832064955879
AMPtex_b0929,
ARBtex_b0929,1.9071964323442585
ARGtex_b0929,20.4524545770312
ASCBtex_b0929,10.294658215322528
MMETtex_b0929,14.909260937131991
FE3tex_b0929,3.1657630291982666
MG2tex_b0929,30.9296288822263
Zn2tex_b0929,14.083281679626857
CD2tex_b0929,12.176364003035593
ASO3tex_b0929,57.54289805877974
MANGLYCtex_b0929,14.381901075369264
FRUURtex_b0929,31.609770939416563
GLYCAtex_b0929,0.46932497428998
COBALT2tex_b0929,9.445670887363427
DIMPtex_b0929,11.128396174944598
XTSNtex_b0929,11.060462286728885
HG2tex_b0929,13.747663838853555
DHAtex_b0929,6.087400339894915
ETOHtex_b0929,2.1856942806558632
ACACtex_b0929,22.322919065013686
ACNAMtex_b0929,17.111522914355362
H2Stex_b0929,27.18636566630075
4PEPTtex_b0929,92.10422998838216
CU2tex_b0929,6.021125270868353
CLtex_b0929,16.98909007614446
PROtex_b0929,14.664846764449623
SBTtex_b0929,3.596744058752863
AKGtex_b0929,235.1911960605177
ALLTNtex_b0929,26.32877299854324
ASNtex_b0929,41.275533426670115
TYMtex_b0929,14.754919754557651
CMPtex_b0929,11.234731664776197
DUMPtex_b0929,36.281303853962065
XMPtex_b0929,1.8884053568391548
3PEPTtex_b0929,
ANHGMtex_b0929,4.3917451370458
FALDtex_b0929,49.62653867608982
CYSDtex_b0929,21.687077384879565
G3PItex_b0929,29.778339345704335
G3PGtex_b0929,18.165087185350686
G3PEtex_b0929,9.8016262031046
G3PCtex_b0929,18.513755349158846
DAMPtex_b0929,7.482245032695615
DCMPtex_b0929,0.5338013598719806
DGMPtex_b0929,4.375421952606395
DTMPtex_b0929,20.71316348691969
GMPtex_b0929,8.749419055299942
IMPtex_b0929,19.59801510479762
UMPtex_b0929,0.3420452835877207
G1Ptex_b0929,
SKMtex_b0929,156.36875721467092
MNtex_b0929,43.52102898610032
GAL1Ptex_b0929,78.50017075086521
O2Stex_b0929,
HOMtex_b0929,45.9045159292264
SO2tex_b0929,4.9386192119405505
ACSERtex_b0929,15.935956343967826
ALAALAtex_b0929,35.76932890421913
MALtex_b0929,0.3993374587669001
NO3tex_b0929,42.48290883422873
GSNtex_b0929,9.955745799621365
FORtex_b0929,73.82515717995902
RIBtex_b0929,15.046622301714306
THMtex_b0929,5.233664867609598
XYLUtex_b0929,1.0539112149494698
ALLtex_b0929,36.70561689181147
34dhpactex_b0929,122.74725818474434
23DAPPAtex_b0929,0.6903433395215735
GLCtex_copy2_b0929,71.84946149000429
PPALtex_b0929,52.7584124651535
CA2tex_b0929,35.4720522180423
CUtex_b0929,26.002238155913613
12PPDRtex_b0929,25.101951307568736
F6Ptex_b0929,19.611772925244683
GAMAN6Ptex_b0929,0.9214183021638318
PROGLYtex_b0929,37.757846143264175
CGLYtex_b0929,9.892762307279295
GTHOXtex_b0929,177.44766324399563
GTHRDtex_b0929,214.7677537483615
TUNGStex_b0929,5.852354732414504
GALCTNLtex_b0929,26.288350682018603
MALDtex_b0929,41.62487844685641
OROTtex_b0929,3.0002080424198843
5DGLCNtex_b0929,51.875770424040574
PPAtex_b0929,
PSCLYStex_b0929,250.09757839213415
THYMtex_b0929,10.747794067859813
MINCYCtex_b0929,4.99346258572959
DOXRBCNtex_b0929,0.5489540241715156
CMtex_b0929,5.890078960238075
LALALGLUtex_b0929,18.89144182519908
5MTRtex_b0929,1.0963184725751356
LALADGLUtex_b0929,49.84289990136552
3HPPtex_b0929,4.998536737921007
FUSAtex_b0929,9.421977705275955
QUIN2tex_b0929,71.62881600445495
SELtex_b0929,25.665662832992226
MEOHtex_b0929,4.463506260952557
TTRCYCtex_b0929,85.36297892308347
SLNTtex_b0929,105.31201866801702
TARTRDtex_b0929,5.2260977207289985
BTNtex_b0929,16.68322535285564
ARBTtex_b0929,8.281980055716108
PYDXtex_b0929,21.9748322801349
PYDXNtex_b0929,3.1063964918816622
PYDAMtex_b0929,3.8890159768374386
CHTBStex_b0929,
CRNDtex_b0929,7.810148238607765
DXYLONtex_b0929,
PSURItex_b0929,
FMNtex_b0929,16.154604411798744
CLBtex_b0929,93.11818150397896
FADtex_b0929,-1.465256719100234
2DGLCtex_b0929,
URATEtex_b0929,74.9537369753529
Ftex_b0929,
CYSItex_b0929,19.155927301028534
CS1tex_b0929,
MEPNtex_b0929,
4ABZGLUtex_b0929,
METGLCURtex_b0929,
AI2tex_b0929,5.431358565406109
GLUtex_reverse_b0929,72.27383439843499
GLYtex_reverse_b0929,14.928348167081904
GLYALDtex_reverse_b0929,8.287372835161271
GLYBtex_reverse_b0929,8.558207769465321
GLYCtex_reverse_b0929,17.188701695901496
GLYC3Ptex_reverse_b0929,18.29059390543567
GLYCLTtex_reverse_b0929,41.96162858663488
GTPtex_reverse_b0929,2.5053466744821913
Htex_reverse_b0929,29.41028380406776
H2tex_reverse_b0929,25.239450253672697
H2Otex_reverse_b0929,
DAPtex_reverse_b0929,21.989978979459046
12PPDStex_reverse_b0929,23.159429800213175
DDGLCNtex_reverse_b0929,13.592762370420882
26DAHtex_reverse_b0929,141.42513495434793
HCINNMtex_reverse_b0929,3.9816779835049902
HPPPNtex_reverse_b0929,13.806261652090358
ACtex_reverse_b0929,16.2931183420599
ACALDtex_reverse_b0929,111.75072941736228
ACMANAtex_reverse_b0929,2.825821489579844
GALtex_reverse_b0929,10.800392425075874
GALCTtex_reverse_b0929,60.40345836627029
GALCTNtex_reverse_b0929,5.152010738318875
GALTtex_reverse_b0929,7.7812327318735734
GALURtex_reverse_b0929,119.50715780201365
GAMtex_reverse_b0929,0.42876557109552565
GBBTNtex_reverse_b0929,8.187308044532912
HIStex_reverse_b0929,0.5318163788822903
HXAtex_reverse_b0929,26.53908322896354
HYXNtex_reverse_b0929,12.434365570914775
IDONtex_reverse_b0929,25.38223585752852
ILEtex_reverse_b0929,123.0875679847228
INSTtex_reverse_b0929,9.067277704617142
Ktex_reverse_b0929,36.5082629292757
D_LACtex_reverse_b0929,11.191943781500004
FRULYStex_reverse_b0929,104.51845690307212
ASPtex_reverse_b0929,3.6052067331352657
INDOLEtex_reverse_b0929,1.803530611278826
L_LACtex_reverse_b0929,45.05488530176357
GLCRtex_reverse_b0929,
GLCNtex_reverse_b0929,0.31481285228972056
GLCURtex_reverse_b0929,109.51402981761763
GLNtex_reverse_b0929,73.93442281035585
O2tex_reverse_b0929,18.61363296733526
OCTAtex_reverse_b0929,13.26460098569991
ORNtex_reverse_b0929,124.4330973947393
RMNtex_reverse_b0929,6.7914567378731325
PHEtex_reverse_b0929,9.018676992620321
PItex_reverse_b0929,74.77520690444194
PNTOtex_reverse_b0929,7.209464136687926
PPPNtex_reverse_b0929,24.44684557004113
PPTtex_reverse_b0929,
PTRCtex_reverse_b0929,45.17364458138675
PYRtex_reverse_b0929,115.24157864033604
DSERtex_reverse_b0929,27.965413387907628
SERtex_reverse_b0929,12.25813161342461
SO4tex_reverse_b0929,4.089462299314822
SPMDtex_reverse_b0929,34.37319638725949
SUCCtex_reverse_b0929,55.38440311911746
SUCRtex_reverse_b0929,116.9492856398403
TARTRtex_reverse_b0929,17.493613737697913
TAURtex_reverse_b0929,44.397407985281525
THRtex_reverse_b0929,32.30940884512163
THMDtex_reverse_b0929,1.0575820057993626
METDtex_reverse_b0929,145.73824602817476
METtex_reverse_b0929,14.689433459318142
MNLtex_reverse_b0929,16.291881315410844
NAtex_reverse_b0929,50.341963277361906
NACtex_reverse_b0929,0.6889328895536455
NH4tex_reverse_b0929,8.583666885243572
BUTtex_reverse_b0929,
CHLtex_reverse_b0929,5.21415286587014
CO2tex_reverse_b0929,44.974277769315165
CRNtex_reverse_b0929,42.11936938298546
DINStex_reverse_b0929,25.675589318720508
DMStex_reverse_b0929,20.032920554680846
CSNtex_reverse_b0929,4.803423936135716
CYNTtex_reverse_b0929,2.4743519857534144
CYStex_reverse_b0929,41.665769094208144
CYTDtex_reverse_b0929,5.630701586339428
DCAtex_reverse_b0929,
DGSNtex_reverse_b0929,6.829394291582797
LCTStex_reverse_b0929,
LEUtex_reverse_b0929,22.734653962859827
LYStex_reverse_b0929,114.25589888661948
LYXtex_reverse_b0929,70.689139301738
MANtex_reverse_b0929,94.17323671491283
MAN6Ptex_reverse_b0929,32.72676277372729
MELIBtex_reverse_b0929,
DMSOtex_reverse_b0929,20.678530151169845
FRUtex_reverse_b0929,12.146801457833037
FUCtex_reverse_b0929,
FUMtex_reverse_b0929,66.6630439379861
FE2tex_reverse_b0929,50.609484998506524
NMNtex_reverse_b0929,21.349055417069255
NO2tex_reverse_b0929,34.279870883694294
GDPtex_reverse_b0929,9.792344046689824
TMAtex_reverse_b0929,26.28121889549576
TMAOtex_reverse_b0929,28.64844281995827
TREtex_reverse_b0929,2.119143410309594
TRPtex_reverse_b0929,1.9844557258640738
TSULtex_reverse_b0929,31.13409448883022
TYRtex_reverse_b0929,5.084573207274312
URAtex_reverse_b0929,6.629352834154488
UREAtex_reverse_b0929,1.7516460958032156
VALtex_reverse_b0929,48.457242661016146
XANtex_reverse_b0929,6.667309415887315
XYLtex_reverse_b0929,48.052778579951514
ABUTtex_reverse_b0929,27.834114046213138
23CAMPtex_reverse_b0929,5.381884488698296
23CCMPtex_reverse_b0929,1.0573377572892804
23CUMPtex_reverse_b0929,7.2380512736422995
23CGMPtex_reverse_b0929,2.179421183592321
3AMPtex_reverse_b0929,79.1661594822052
3CMPtex_reverse_b0929,41.11479089946817
ETHSO3tex_reverse_b0929,63.32097903710689
BUTSO3tex_reverse_b0929,26.570938244947115
LIPOtex_reverse_b0929,9.42822482136112
GALBDtex_reverse_b0929,36.70561689181147
SULFACtex_reverse_b0929,58.41496277905659
NOtex_reverse_b0929,
N2Otex_reverse_b0929,18.0037296384516
PEAMNtex_reverse_b0929,9.578520398476826
PACALDtex_reverse_b0929,5.570379578680624
CYANtex_reverse_b0929,34.724603776861024
SO3tex_reverse_b0929,4.428850402724654
TCYNTtex_reverse_b0929,7.060335170928003
METSOX1tex_reverse_b0929,
METSOX2tex_reverse_b0929,28.29321063303542
3UMPtex_reverse_b0929,38.31933929030046
3GMPtex_reverse_b0929,40.89399070865161
DOPAtex_reverse_b0929,35.670460925954465
4HOXPACDtex_reverse_b0929,71.01061340776165
ETHAtex_reverse_b0929,5.488010020720392
G3PStex_reverse_b0929,24.609871011194137
ACGAL1Ptex_reverse_b0929,
ACGALtex_reverse_b0929,39.13011212949465
GLCUR1Ptex_reverse_b0929,
UDPGLCURtex_reverse_b0929,9.05925654498802
ISETACtex_reverse_b0929,164.59475439433177
UDPGtex_reverse_b0929,0.5564454016895547
UDPGALtex_reverse_b0929,0.6095172740223685
ACGAM1Ptex_reverse_b0929,20.558826114906957
UACGAMtex_reverse_b0929,5.355511837081942
UDPACGALtex_reverse_b0929,2.3710239509204025
MSO3tex_reverse_b0929,51.78104536082435
GLYC2Ptex_reverse_b0929,22.52448581784003
PSERtex_reverse_b0929,45.107074206720114
R5Ptex_reverse_b0929,43.66625328325835
THRPtex_reverse_b0929,279.5387461113327
TYRPtex_reverse_b0929,47.42613704158399
CITtex_reverse_b0929,19.642973909223844
ACGAtex_reverse_b0929,14.254739306775695
G6Ptex_reverse_b0929,22.849161358054346
MOBDtex_reverse_b0929,15.54929350572978
NI2tex_reverse_b0929,
H2O2tex_reverse_b0929,7.987627540663031
ADEtex_reverse_b0929,15.546876545383059
AGMtex_reverse_b0929,1.3724448747085147
ALAtex_reverse_b0929,-0.13807858505415171
BALAtex_reverse_b0929,0.16327886744200187
DALAtex_reverse_b0929,35.42832064955879
AMPtex_reverse_b0929,
ARBtex_reverse_b0929,30.359932312998172
ARGtex_reverse_b0929,15.944063411543787
ASCBtex_reverse_b0929,13.434394689394614
MMETtex_reverse_b0929,12.420971641811681
FE3tex_reverse_b0929,9.468863273059632
MG2tex_reverse_b0929,8.988835068553472
Zn2tex_reverse_b0929,30.958387584357883
CD2tex_reverse_b0929,27.688252988569786
ASO3tex_reverse_b0929,57.54289805877974
MANGLYCtex_reverse_b0929,18.328818981906682
FRUURtex_reverse_b0929,155.48030060540555
GLYCAtex_reverse_b0929,18.45708165243346
COBALT2tex_reverse_b0929,19.73403586560482
DIMPtex_reverse_b0929,9.668011305780217
XTSNtex_reverse_b0929,11.060462286728885
HG2tex_reverse_b0929,4.824968237264806
DHAtex_reverse_b0929,0.5523601573003736
ETOHtex_reverse_b0929,22.789440644979678
ACACtex_reverse_b0929,22.322919065013686
ACNAMtex_reverse_b0929,21.3688472236174
H2Stex_reverse_b0929,12.383199623322355
4PEPTtex_reverse_b0929,92.10422998838216
CU2tex_reverse_b0929,29.554311066287003
CLtex_reverse_b0929,2.127147049304782
PROtex_reverse_b0929,14.664846764449623
SBTtex_reverse_b0929,1.3153951704363378
AKGtex_reverse_b0929,277.0843167128412
ALLTNtex_reverse_b0929,35.52383876006774
ASNtex_reverse_b0929,22.564830420670887
TYMtex_reverse_b0929,20.04254979669142
CMPtex_reverse_b0929,5.800584803714761
DUMPtex_reverse_b0929,25.764734373042028
XMPtex_reverse_b0929,11.160924273462966
3PEPTtex_reverse_b0929,
ANHGMtex_reverse_b0929,8.251178015332972
FALDtex_reverse_b0929,26.316092147793622
CYSDtex_reverse_b0929,12.689994979484597
G3PItex_reverse_b0929,14.779188589257208
G3PGtex_reverse_b0929,0.6576558198976171
G3PEtex_reverse_b0929,37.77484607522391
G3PCtex_reverse_b0929,18.513755349158846
DAMPtex_reverse_b0929,7.482245032695615
DCMPtex_reverse_b0929,7.703578909478352
DGMPtex_reverse_b0929,3.3298376091783166
DTMPtex_reverse_b0929,4.055863177795998
GMPtex_reverse_b0929,9.033535818374864
IMPtex_reverse_b0929,22.017050468376183
UMPtex_reverse_b0929,1.9889930529223865
G1Ptex_reverse_b0929,
SKMtex_reverse_b0929,217.0709589405244
MNtex_reverse_b0929,8.57759426429787
GAL1Ptex_reverse_b0929,53.902468082151245
O2Stex_reverse_b0929,
HOMtex_reverse_b0929,29.749937621593826
SO2tex_reverse_b0929,32.73927574276898
ACSERtex_reverse_b0929,8.15684266080114
ALAALAtex_reverse_b0929,74.06150081302115
MALtex_reverse_b0929,8.049511438085187
NO3tex_reverse_b0929,12.457936784747819
GSNtex_reverse_b0929,8.19022311379431
FORtex_reverse_b0929,73.82515717995902
RIBtex_reverse_b0929,30.679287113978212
THMtex_reverse_b0929,3.3704987306905374
XYLUtex_reverse_b0929,22.48696779226104
ALLtex_reverse_b0929,35.52588803121696
34dhpactex_reverse_b0929,156.92232092057807
23DAPPAtex_reverse_b0929,0.39807521489427095
GLCtex_copy2_reverse_b0929,94.17323671491283
PPALtex_reverse_b0929,82.89877724939598
CA2tex_reverse_b0929,17.867250918050345
CUtex_reverse_b0929,26.556452565955773
12PPDRtex_reverse_b0929,31.60932209837181
F6Ptex_reverse_b0929,19.611772925244683
GAMAN6Ptex_reverse_b0929,9.355493117152726
PROGLYtex_reverse_b0929,37.757846143264175
CGLYtex_reverse_b0929,31.969169265301318
GTHOXtex_reverse_b0929,9.253420615219934
GTHRDtex_reverse_b0929,75.5109043666381
TUNGStex_reverse_b0929,47.91890070058914
GALCTNLtex_reverse_b0929,13.027236575972248
MALDtex_reverse_b0929,22.31733285766031
OROTtex_reverse_b0929,78.1706115648794
5DGLCNtex_reverse_b0929,161.4623615698951
PPAtex_reverse_b0929,
PSCLYStex_reverse_b0929,250.09757839213415
THYMtex_reverse_b0929,2.4048088660895246
MINCYCtex_reverse_b0929,5.728176939908847
DOXRBCNtex_reverse_b0929,0.11818467617781112
CMtex_reverse_b0929,7.217418740199405
LALALGLUtex_reverse_b0929,49.84289990136552
5MTRtex_reverse_b0929,1.5661914246425717
LALADGLUtex_reverse_b0929,49.84289990136552
3HPPtex_reverse_b0929,23.656634921377258
FUSAtex_reverse_b0929,39.70280267790428
QUIN2tex_reverse_b0929,3.756253278214798
SELtex_reverse_b0929,10.810308472467552
MEOHtex_reverse_b0929,11.724580293357535
TTRCYCtex_reverse_b0929,47.520353042842366
SLNTtex_reverse_b0929,62.71281412371632
TARTRDtex_reverse_b0929,36.5770063446418
BTNtex_reverse_b0929,16.68322535285564
PYDXtex_reverse_b0929,21.9748322801349
PYDXNtex_reverse_b0929,3.499961166297165
PYDAMtex_reverse_b0929,3.5214320550661484
CHTBStex_reverse_b0929,
CRNDtex_reverse_b0929,42.11936938298546
DXYLONtex_reverse_b0929,
PSURItex_reverse_b0929,
FMNtex_reverse_b0929,7.140487981211049
CLBtex_reverse_b0929,46.517951325559295
FADtex_reverse_b0929,53.983661007029994
2DGLCtex_reverse_b0929,
URATEtex_reverse_b0929,22.670311506952896
Ftex_reverse_b0929,
CYSItex_reverse_b0929,56.61504240209574
CS1tex_reverse_b0929,
MEPNtex_reverse_b0929,
4ABZGLUtex_reverse_b0929,
METGLCURtex_reverse_b0929,
AI2tex_reverse_b0929,1.1147700700575003
GLUtex_b0241,27.433576920421324
GLYtex_b0241,1.2631258254107558
GLYALDtex_b0241,9.1634735277415
GLYBtex_b0241,13.093638733926609
GLYCtex_b0241,19.871737357739455
GLYC3Ptex_b0241,1.8140171756765697
GLYCLTtex_b0241,8.900217229366861
GTPtex_b0241,1.3104477514361275
Htex_b0241,16.616674131861224
H2tex_b0241,15.030428721996197
H2Otex_b0241,
DAPtex_b0241,27.42716618024418
12PPDStex_b0241,10.937726776779195
DDGLCNtex_b0241,3.308183076335741
26DAHtex_b0241,17.986773324501968
HCINNMtex_b0241,7.497009861399075
HPPPNtex_b0241,4.799117680816114
ACtex_b0241,31.446450007361072
ACALDtex_b0241,50.211373095922454
ACMANAtex_b0241,27.794114197604554
ACMUMtex_b0241,31.928499881093195
GALtex_b0241,29.412246815672493
GALCTtex_b0241,3.778492472286182
GALCTNtex_b0241,4.585810764030492
GALTtex_b0241,3.9336991793688183
GALURtex_b0241,89.73178196045983
GAMtex_b0241,10.749948755735279
GBBTNtex_b0241,3.241596780523611
HIStex_b0241,0.4544360493089175
HXAtex_b0241,14.199379716820095
HYXNtex_b0241,4.128197933221994
IDONtex_b0241,8.746678230279592
ILEtex_b0241,6.610300905417079
INSTtex_b0241,29.608384783258597
Ktex_b0241,32.25850297984161
D_LACtex_b0241,9.012791160022388
FRULYStex_b0241,255.57075444648638
ASPtex_b0241,12.88848429761644
INDOLEtex_b0241,2.4158513665733596
L_LACtex_b0241,3.0274509618269954
GLCRtex_b0241,
GLCNtex_b0241,11.851445179549534
GLCURtex_b0241,89.73178196045983
GLNtex_b0241,22.45949498018096
O2tex_b0241,9.638253647450354
OCTAtex_b0241,0.8086277847442181
ORNtex_b0241,99.281933873864
RMNtex_b0241,72.06805131439663
PHEtex_b0241,3.0021531151543273
PItex_b0241,36.21921306363261
PNTOtex_b0241,3.8420218359124676
PPPNtex_b0241,11.069379438642997
PPTtex_b0241,
PTRCtex_b0241,32.229609921657406
PYRtex_b0241,74.58154722425127
DSERtex_b0241,7.298588621479952
SERtex_b0241,14.626787041926509
SO4tex_b0241,3.4474811715080182
SPMDtex_b0241,40.35898798664807
SUCCtex_b0241,22.135184001581617
SUCRtex_b0241,205.39628972697759
TARTRtex_b0241,9.288501644738387
TAURtex_b0241,52.71056887320964
THRtex_b0241,16.123415320076212
THMDtex_b0241,22.208268518863193
METDtex_b0241,59.06551676769247
METtex_b0241,54.2803675482388
MNLtex_b0241,7.357429404872544
NAtex_b0241,29.513559472082108
NACtex_b0241,5.316443590360734
NH4tex_b0241,18.08073694907689
BUTtex_b0241,
CHLtex_b0241,5.05741662269411
CO2tex_b0241,34.208437963025574
CRNtex_b0241,33.39867634654978
DINStex_b0241,6.052793371719602
DMStex_b0241,6.493841308262813
CSNtex_b0241,0.8637467907628448
CYNTtex_b0241,18.314444466168197
CYStex_b0241,13.329805055240742
CYTDtex_b0241,8.788560676700037
DCAtex_b0241,
DGSNtex_b0241,7.050901523343657
LCTStex_b0241,
LEUtex_b0241,24.742753314594736
LYStex_b0241,53.896212465193095
LYXtex_b0241,76.41007414937853
MANtex_b0241,58.40512137674035
MAN6Ptex_b0241,80.29195150387457
MELIBtex_b0241,
DMSOtex_b0241,10.060370969293858
FRUtex_b0241,38.77558425274395
FUCtex_b0241,
FUMtex_b0241,16.238523404645786
FE2tex_b0241,17.50222156580633
NMNtex_b0241,55.890504059909006
NO2tex_b0241,28.456846297340153
GDPtex_b0241,1.4762809743440342
TMAtex_b0241,13.29834973229707
TMAOtex_b0241,4.674697046259963
TREtex_b0241,39.47362361930836
TRPtex_b0241,0.3333654312048119
TSULtex_b0241,38.20446668039027
TYRtex_b0241,2.0236329339040617
URAtex_b0241,6.0110601730457525
UREAtex_b0241,36.564732456481586
VALtex_b0241,26.96757401903932
XANtex_b0241,30.151359938463308
XYLtex_b0241,84.31191534788593
ABUTtex_b0241,28.064778306206584
23CAMPtex_b0241,3.181604645306611
23CCMPtex_b0241,0.9605488940886855
23CUMPtex_b0241,11.185225492200273
23CGMPtex_b0241,0.8895805822125955
3AMPtex_b0241,195.21262742232923
3CMPtex_b0241,46.39017501841968
ETHSO3tex_b0241,42.885617866273336
BUTSO3tex_b0241,17.79003782890218
LIPOtex_b0241,25.465344290660887
GALBDtex_b0241,24.946575088476205
SULFACtex_b0241,42.038387970932455
NOtex_b0241,
N2Otex_b0241,30.503357283631416
PEAMNtex_b0241,10.100076215122348
PACALDtex_b0241,39.897819380763735
CYANtex_b0241,27.206313917197587
SO3tex_b0241,5.387188220895861
TCYNTtex_b0241,5.862970588141672
METSOX1tex_b0241,
METSOX2tex_b0241,34.061617636894105
3UMPtex_b0241,11.708145190073447
3GMPtex_b0241,11.070717229293809
DOPAtex_b0241,6.96025204128639
4HOXPACDtex_b0241,42.772740627085206
ETHAtex_b0241,17.452553180947568
G3PStex_b0241,2.900713647416732
ACGAL1Ptex_b0241,
ACGALtex_b0241,27.794114197604554
GLCUR1Ptex_b0241,
UDPGLCURtex_b0241,5.305401148998704
ISETACtex_b0241,135.17601218281513
UDPGtex_b0241,5.429064608415893
UDPGALtex_b0241,3.3617550731542662
ACGAM1Ptex_b0241,4.980356896396519
UACGAMtex_b0241,2.178136941379224
UDPACGALtex_b0241,1.5077214248765054
MSO3tex_b0241,34.73787748701741
GLYC2Ptex_b0241,1.7105849894833773
PSERtex_b0241,15.548727924022078
R5Ptex_b0241,33.67285291677627
THRPtex_b0241,29.202694259770315
TYRPtex_b0241,3.2029910334324767
CITtex_b0241,9.640538532715453
ACGAtex_b0241,20.676014921707182
G6Ptex_b0241,56.48488288019925
MOBDtex_b0241,3.8458225057770328
NI2tex_b0241,
H2O2tex_b0241,3.3919018566875128
ADEtex_b0241,2.1935214568920207
AGMtex_b0241,0.670392071281968
ALAtex_b0241,3.7377194104167426
BALAtex_b0241,5.8716190657238965
DALAtex_b0241,2.695400641227764
AMPtex_b0241,
ARBtex_b0241,21.274924604533016
ARGtex_b0241,15.77213370463428
ASCBtex_b0241,5.462976251366497
MMETtex_b0241,5.369210126198884
FE3tex_b0241,33.45853478956071
MG2tex_b0241,18.134999025027785
Zn2tex_b0241,9.556038398829017
CD2tex_b0241,4.7588721686956275
ASO3tex_b0241,11.601818128867508
MANGLYCtex_b0241,11.797661165156184
FRUURtex_b0241,112.10922250276896
GLYCAtex_b0241,12.571021202020392
COBALT2tex_b0241,12.87646226096495
DIMPtex_b0241,13.00376652297234
XTSNtex_b0241,2.561684485936622
HG2tex_b0241,8.332609495071006
DHAtex_b0241,12.911559446393078
ETOHtex_b0241,9.311130771557508
ACACtex_b0241,15.677609895223723
H2Stex_b0241,3.497982692549528
4PEPTtex_b0241,30.720194124414313
CU2tex_b0241,17.787195055996925
CLtex_b0241,8.141060196493832
PROtex_b0241,4.015372417352488
SBTtex_b0241,7.237090041414756
AKGtex_b0241,257.1919479649432
ALLTNtex_b0241,83.88571751754763
ASNtex_b0241,6.313302568591967
TYMtex_b0241,9.71854499566258
CMPtex_b0241,11.205818615236444
DUMPtex_b0241,37.19842745463757
XMPtex_b0241,10.46902487834692
3PEPTtex_b0241,
ANHGMtex_b0241,3.2191988662246835
FALDtex_b0241,6.146306262767448
CYSDtex_b0241,15.522216596281108
G3PItex_b0241,11.370708164887004
G3PGtex_b0241,11.226128225030378
G3PEtex_b0241,13.005468833924361
G3PCtex_b0241,1.7567040306922976
DAMPtex_b0241,6.202630814050246
DCMPtex_b0241,8.486774503052352
DGMPtex_b0241,8.146612419566416
DTMPtex_b0241,18.61172835992311
GMPtex_b0241,2.0787694250987405
IMPtex_b0241,27.542087847730727
UMPtex_b0241,4.326082199382928
G1Ptex_b0241,
SKMtex_b0241,108.66496671328858
MNtex_b0241,20.306001635917838
GAL1Ptex_b0241,43.617690197993845
O2Stex_b0241,
HOMtex_b0241,24.582933124188582
SO2tex_b0241,18.00582605502785
ACSERtex_b0241,2.8117617456183814
ALAALAtex_b0241,43.637219027716
MALtex_b0241,32.77930095300031
NO3tex_b0241,25.566167946543423
GSNtex_b0241,6.9830208092258435
FORtex_b0241,12.627922263059997
RIBtex_b0241,21.829506630023047
THMtex_b0241,7.58926133139082
XYLUtex_b0241,17.381594208648835
ALLtex_b0241,7.369821876867202
34dhpactex_b0241,157.73666887014014
23DAPPAtex_b0241,6.938705933007098
GLCtex_copy2_b0241,44.68110023008278
PPALtex_b0241,5.902587480767843
CA2tex_b0241,23.014257111948826
CUtex_b0241,18.834196281680065
12PPDRtex_b0241,3.0770655104033993
F6Ptex_b0241,6.292099463161696
GAMAN6Ptex_b0241,6.296316253195514
PROGLYtex_b0241,36.747611843132404
CGLYtex_b0241,9.771866675689642
GTHOXtex_b0241,129.80985870858603
GTHRDtex_b0241,66.2290794967895
TUNGStex_b0241,6.942984509199945
GALCTNLtex_b0241,11.851445179549534
MALDtex_b0241,17.783689473431224
OROTtex_b0241,8.028466327598572
5DGLCNtex_b0241,197.96726957915754
PPAtex_b0241,
PSCLYStex_b0241,72.5208443356234
THYMtex_b0241,9.2414613132347
MINCYCtex_b0241,7.557167518880651
DOXRBCNtex_b0241,0.9142880405552372
CMtex_b0241,2.8334086763808064
LALALGLUtex_b0241,17.921592675511487
5MTRtex_b0241,3.2345959390223706
LALADGLUtex_b0241,15.769923373949835
3HPPtex_b0241,8.773318728259548
FUSAtex_b0241,20.221663987149423
QUIN2tex_b0241,108.82835059800695
SELtex_b0241,12.783368491558976
MEOHtex_b0241,2.4892219900481125
TTRCYCtex_b0241,39.01905156879353
SLNTtex_b0241,12.306650032334957
TARTRDtex_b0241,22.329504161239196
BTNtex_b0241,4.042006897656494
ARBTtex_b0241,137.18199611157178
PYDXtex_b0241,18.136640704750757
PYDXNtex_b0241,5.416396667751349
PYDAMtex_b0241,5.0247236781459375
CHTBStex_b0241,
CRNDtex_b0241,4.13486997483091
PSURItex_b0241,
FMNtex_b0241,5.43756233330247
CLBtex_b0241,83.90536303143597
FADtex_b0241,20.861290951296453
2DGLCtex_b0241,
URATEtex_b0241,49.788879034123156
Ftex_b0241,
CYSItex_b0241,21.455231216774983
CS1tex_b0241,
MEPNtex_b0241,
4ABZGLUtex_b0241,
METGLCURtex_b0241,
AI2tex_b0241,12.833214058430643
GLUtex_reverse_b0241,7.024333376610352
GLYtex_reverse_b0241,14.387549334619393
GLYALDtex_reverse_b0241,9.1634735277415
GLYBtex_reverse_b0241,14.874589791594694
GLYCtex_reverse_b0241,19.871737357739455
GLYC3Ptex_reverse_b0241,7.719592440764881
GLYCLTtex_reverse_b0241,14.519194036437375
GTPtex_reverse_b0241,1.982725114490146
Htex_reverse_b0241,7.665994374159664
H2tex_reverse_b0241,24.71968666695176
H2Otex_reverse_b0241,
DAPtex_reverse_b0241,20.7065427617808
12PPDStex_reverse_b0241,7.48862052223306
DDGLCNtex_reverse_b0241,3.9909898336892584
26DAHtex_reverse_b0241,49.27351306945768
HCINNMtex_reverse_b0241,2.1036424828691525
HPPPNtex_reverse_b0241,4.799117680816114
ACtex_reverse_b0241,31.446450007361072
ACALDtex_reverse_b0241,6.894038180979364
ACMANAtex_reverse_b0241,7.244566356837291
GALtex_reverse_b0241,12.918306476918454
GALCTtex_reverse_b0241,38.418320225969275
GALCTNtex_reverse_b0241,6.384897285265187
GALTtex_reverse_b0241,3.015126641033579
GALURtex_reverse_b0241,10.67066770719378
GAMtex_reverse_b0241,3.461418664153175
GBBTNtex_reverse_b0241,4.301966671030003
HIStex_reverse_b0241,8.619355673532798
HXAtex_reverse_b0241,10.312406009815163
HYXNtex_reverse_b0241,7.717996712640662
IDONtex_reverse_b0241,3.7316099359598587
ILEtex_reverse_b0241,2.717701082893608
INSTtex_reverse_b0241,34.59265823532079
Ktex_reverse_b0241,11.539910133476424
D_LACtex_reverse_b0241,14.45362905046371
FRULYStex_reverse_b0241,149.0858447020549
ASPtex_reverse_b0241,19.81235950487239
INDOLEtex_reverse_b0241,1.4798604363143715
L_LACtex_reverse_b0241,22.145809592857056
GLCRtex_reverse_b0241,
GLCNtex_reverse_b0241,11.851445179549534
GLCURtex_reverse_b0241,89.73178196045983
GLNtex_reverse_b0241,5.294159795011391
O2tex_reverse_b0241,9.638253647450354
OCTAtex_reverse_b0241,5.054823660505208
ORNtex_reverse_b0241,99.281933873864
RMNtex_reverse_b0241,76.36479788836266
PHEtex_reverse_b0241,2.1479740893648493
PItex_reverse_b0241,36.21921306363261
PNTOtex_reverse_b0241,3.8420218359124676
PPPNtex_reverse_b0241,19.70874016902024
PPTtex_reverse_b0241,
PTRCtex_reverse_b0241,20.13222319544142
PYRtex_reverse_b0241,74.58154722425127
DSERtex_reverse_b0241,1.588982606470665
SERtex_reverse_b0241,8.675246399312964
SO4tex_reverse_b0241,17.504893337043235
SPMDtex_reverse_b0241,26.638717566625242
SUCCtex_reverse_b0241,22.135184001581617
SUCRtex_reverse_b0241,135.61027647224824
TARTRtex_reverse_b0241,27.92818461021779
TAURtex_reverse_b0241,267.99527341916115
THRtex_reverse_b0241,16.123415320076212
THMDtex_reverse_b0241,1.606777481254372
METDtex_reverse_b0241,32.621990371789565
METtex_reverse_b0241,59.06551676769247
MNLtex_reverse_b0241,9.215949776088696
NAtex_reverse_b0241,16.981541288773297
NACtex_reverse_b0241,3.7106138089914356
NH4tex_reverse_b0241,9.892367428276463
BUTtex_reverse_b0241,
CHLtex_reverse_b0241,3.7011526881581447
CO2tex_reverse_b0241,28.605014000904006
CRNtex_reverse_b0241,7.029309801227381
DINStex_reverse_b0241,13.823876057975452
DMStex_reverse_b0241,5.990820444868439
CSNtex_reverse_b0241,3.4418885147302043
CYNTtex_reverse_b0241,9.147479556226845
CYStex_reverse_b0241,4.835228731371913
CYTDtex_reverse_b0241,11.70804199381046
DCAtex_reverse_b0241,
DGSNtex_reverse_b0241,5.041945043634007
LCTStex_reverse_b0241,
LEUtex_reverse_b0241,16.08733872100062
LYStex_reverse_b0241,18.735555687876534
LYXtex_reverse_b0241,35.837208099561494
MANtex_reverse_b0241,73.46374227331958
MAN6Ptex_reverse_b0241,38.37204798630725
MELIBtex_reverse_b0241,
DMSOtex_reverse_b0241,2.765871537881914
FRUtex_reverse_b0241,76.89285845195978
FUCtex_reverse_b0241,
FUMtex_reverse_b0241,18.021081657969237
FE2tex_reverse_b0241,21.142828363404494
NMNtex_reverse_b0241,9.17857461556454
NO2tex_reverse_b0241,34.884939195700284
GDPtex_reverse_b0241,3.5666671868640756
TMAtex_reverse_b0241,23.95596603808636
TMAOtex_reverse_b0241,5.418476802479757
TREtex_reverse_b0241,39.47362361930836
TRPtex_reverse_b0241,8.567777309852966
TSULtex_reverse_b0241,38.20446668039027
TYRtex_reverse_b0241,5.063770741186462
URAtex_reverse_b0241,12.756121576200325
UREAtex_reverse_b0241,36.564732456481586
VALtex_reverse_b0241,21.18033836765068
XANtex_reverse_b0241,30.151359938463308
XYLtex_reverse_b0241,48.73264483792855
ABUTtex_reverse_b0241,46.36297844798319
23CAMPtex_reverse_b0241,23.627000658449113
23CCMPtex_reverse_b0241,1.327083763462893
23CUMPtex_reverse_b0241,14.250718621385822
23CGMPtex_reverse_b0241,5.897073550870001
3AMPtex_reverse_b0241,62.87255207721971
3CMPtex_reverse_b0241,46.39017501841968
ETHSO3tex_reverse_b0241,32.16984524374381
BUTSO3tex_reverse_b0241,26.864039072269797
LIPOtex_reverse_b0241,2.139338079559875
GALBDtex_reverse_b0241,29.412246815672493
SULFACtex_reverse_b0241,51.58128567797703
NOtex_reverse_b0241,
N2Otex_reverse_b0241,10.897348297986117
PEAMNtex_reverse_b0241,22.255270256527414
PACALDtex_reverse_b0241,5.506158390806222
CYANtex_reverse_b0241,4.536933776880427
SO3tex_reverse_b0241,5.387188220895861
TCYNTtex_reverse_b0241,5.126673195387204
METSOX1tex_reverse_b0241,
METSOX2tex_reverse_b0241,34.061617636894105
3UMPtex_reverse_b0241,58.72225344980106
3GMPtex_reverse_b0241,22.95640634146819
DOPAtex_reverse_b0241,26.475806716573473
4HOXPACDtex_reverse_b0241,42.772740627085206
ETHAtex_reverse_b0241,17.452553180947568
G3PStex_reverse_b0241,8.557740008186741
ACGAL1Ptex_reverse_b0241,
ACGALtex_reverse_b0241,5.610877959644005
GLCUR1Ptex_reverse_b0241,
UDPGLCURtex_reverse_b0241,0.5234408630659552
ISETACtex_reverse_b0241,57.93574765429001
UDPGtex_reverse_b0241,5.0225741471553675
UDPGALtex_reverse_b0241,5.429064608415893
ACGAM1Ptex_reverse_b0241,59.233217054712476
UACGAMtex_reverse_b0241,0.9381514928399517
UDPACGALtex_reverse_b0241,5.250029079533306
MSO3tex_reverse_b0241,4.950816673456981
GLYC2Ptex_reverse_b0241,19.28566211721025
PSERtex_reverse_b0241,25.698942038552705
R5Ptex_reverse_b0241,61.97004397476296
THRPtex_reverse_b0241,123.4227137574885
TYRPtex_reverse_b0241,12.599445295019553
CITtex_reverse_b0241,13.388665223034076
ACGAtex_reverse_b0241,27.794114197604554
G6Ptex_reverse_b0241,26.444764969877742
MOBDtex_reverse_b0241,6.228585572913717
NI2tex_reverse_b0241,
H2O2tex_reverse_b0241,26.17780960093159
ADEtex_reverse_b0241,6.489964165390584
AGMtex_reverse_b0241,3.774197031190855
ALAtex_reverse_b0241,14.449380570712298
BALAtex_reverse_b0241,7.38484614549212
DALAtex_reverse_b0241,3.7055248621166235
AMPtex_reverse_b0241,
ARBtex_reverse_b0241,17.76693975802938
ARGtex_reverse_b0241,5.991508894755605
ASCBtex_reverse_b0241,14.050785126711064
MMETtex_reverse_b0241,1.5176651029631416
FE3tex_reverse_b0241,19.091969344865895
MG2tex_reverse_b0241,7.674361597773625
Zn2tex_reverse_b0241,13.437919250299718
CD2tex_reverse_b0241,12.333232068452483
ASO3tex_reverse_b0241,30.317693228617397
MANGLYCtex_reverse_b0241,13.631559542008432
FRUURtex_reverse_b0241,73.00686902451557
GLYCAtex_reverse_b0241,1.8010135695083962
COBALT2tex_reverse_b0241,7.866564409617768
DIMPtex_reverse_b0241,5.258231710136143
XTSNtex_reverse_b0241,5.419079135243024
HG2tex_reverse_b0241,18.58197952836813
DHAtex_reverse_b0241,18.157353680568082
ETOHtex_reverse_b0241,9.311130771557508
ACACtex_reverse_b0241,3.467893491881914
H2Stex_reverse_b0241,15.021233382083867
4PEPTtex_reverse_b0241,21.46072627848897
CU2tex_reverse_b0241,17.787195055996925
CLtex_reverse_b0241,10.531296155462009
PROtex_reverse_b0241,9.210975307799401
SBTtex_reverse_b0241,9.215949776088696
AKGtex_reverse_b0241,302.44904646466006
ALLTNtex_reverse_b0241,72.1377521090832
ASNtex_reverse_b0241,23.960051862193932
TYMtex_reverse_b0241,3.8290988121061935
CMPtex_reverse_b0241,9.15020858339783
DUMPtex_reverse_b0241,37.19842745463757
XMPtex_reverse_b0241,6.417404384182452
3PEPTtex_reverse_b0241,
ANHGMtex_reverse_b0241,3.522925367772245
FALDtex_reverse_b0241,13.251809913273267
CYSDtex_reverse_b0241,3.677111228046162
G3PItex_reverse_b0241,24.04436892271681
G3PGtex_reverse_b0241,7.766930751295176
G3PEtex_reverse_b0241,12.999479292175755
G3PCtex_reverse_b0241,2.2083517128056074
DAMPtex_reverse_b0241,2.235397161073438
DCMPtex_reverse_b0241,8.486774503052352
DGMPtex_reverse_b0241,1.013223507079671
DTMPtex_reverse_b0241,12.19706683432546
GMPtex_reverse_b0241,4.684367686328843
IMPtex_reverse_b0241,36.22968773705468
UMPtex_reverse_b0241,1.5967372034922411
G1Ptex_reverse_b0241,
SKMtex_reverse_b0241,167.1339578023444
MNtex_reverse_b0241,20.306001635917838
GAL1Ptex_reverse_b0241,42.80848013231288
O2Stex_reverse_b0241,
HOMtex_reverse_b0241,11.14428285455906
SO2tex_reverse_b0241,8.53152704282318
ACSERtex_reverse_b0241,13.626329192835815
ALAALAtex_reverse_b0241,3.731328287109574
MALtex_reverse_b0241,32.77930095300031
NO3tex_reverse_b0241,25.566167946543423
GSNtex_reverse_b0241,2.1653958117394
FORtex_reverse_b0241,23.323655936647224
RIBtex_reverse_b0241,13.975657792294042
THMtex_reverse_b0241,1.1980480902790007
XYLUtex_reverse_b0241,42.35886804168756
ALLtex_reverse_b0241,29.412246815672493
34dhpactex_reverse_b0241,73.74377740511689
23DAPPAtex_reverse_b0241,1.376049968291053
GLCtex_copy2_reverse_b0241,9.831347670626567
PPALtex_reverse_b0241,37.16823354378053
CA2tex_reverse_b0241,8.781609247251154
CUtex_reverse_b0241,4.325621164554685
12PPDRtex_reverse_b0241,3.692282660998146
F6Ptex_reverse_b0241,7.239109002129371
GAMAN6Ptex_reverse_b0241,1.4593140404428269
PROGLYtex_reverse_b0241,2.3295196282304595
CGLYtex_reverse_b0241,10.055695307713812
GTHOXtex_reverse_b0241,19.22720310735973
GTHRDtex_reverse_b0241,9.981388337944633
TUNGStex_reverse_b0241,26.593636042589928
GALCTNLtex_reverse_b0241,4.061107963214543
MALDtex_reverse_b0241,32.77930095300031
OROTtex_reverse_b0241,7.465476920586965
5DGLCNtex_reverse_b0241,197.96726957915754
PPAtex_reverse_b0241,
PSCLYStex_reverse_b0241,255.57075444648638
THYMtex_reverse_b0241,1.0552582278811315
MINCYCtex_reverse_b0241,24.261970186538182
DOXRBCNtex_reverse_b0241,0.7371630864391789
CMtex_reverse_b0241,1.8622943188219945
LALALGLUtex_reverse_b0241,17.921592675511487
5MTRtex_reverse_b0241,5.9193181773237535
LALADGLUtex_reverse_b0241,17.921592675511487
3HPPtex_reverse_b0241,11.782278263217238
FUSAtex_reverse_b0241,12.886850010915731
QUIN2tex_reverse_b0241,108.82835059800695
SELtex_reverse_b0241,30.109084981359395
MEOHtex_reverse_b0241,3.1452521457034814
TTRCYCtex_reverse_b0241,10.219056465227842
SLNTtex_reverse_b0241,26.242923065859028
TARTRDtex_reverse_b0241,12.950038427350668
BTNtex_reverse_b0241,10.704324531755269
PYDXtex_reverse_b0241,16.776432528652503
PYDXNtex_reverse_b0241,1.3199754711397425
PYDAMtex_reverse_b0241,5.0247236781459375
CHTBStex_reverse_b0241,
CRNDtex_reverse_b0241,6.1793151185318385
PSURItex_reverse_b0241,
FMNtex_reverse_b0241,6.432141120413603
CLBtex_reverse_b0241,83.90536303143597
FADtex_reverse_b0241,21.269225785287222
2DGLCtex_reverse_b0241,
URATEtex_reverse_b0241,49.788879034123156
Ftex_reverse_b0241,
CYSItex_reverse_b0241,22.262855093345483
CS1tex_reverse_b0241,
MEPNtex_reverse_b0241,
4ABZGLUtex_reverse_b0241,
METGLCURtex_reverse_b0241,
AI2tex_reverse_b0241,12.833214058430643
ATPS4rpp_b3732,25.43860630001406
ATPS4rpp_reverse_b3732,10.295523925536836
GLUtex_b2215,29.014712071888553
GLYtex_b2215,23.61588057394879
GLYALDtex_b2215,11.489045241777365
GLYBtex_b2215,19.371116748390936
GLYCtex_b2215,11.373854790872574
GLYC3Ptex_b2215,2.683396927850086
GLYCLTtex_b2215,11.42367812308412
GTPtex_b2215,1.1968744356379162
Htex_b2215,53.353652165062734
H2tex_b2215,49.08033471177088
H2Otex_b2215,
DAPtex_b2215,19.762213539114672
12PPDStex_b2215,44.07364223788953
DDGLCNtex_b2215,8.726740053716634
26DAHtex_b2215,90.46900032253211
HCINNMtex_b2215,7.146251526185087
HPPPNtex_b2215,16.248555289203733
ACtex_b2215,17.26894710265717
ACALDtex_b2215,64.72402371554362
ACMANAtex_b2215,19.192273604543914
ACMUMtex_b2215,102.59542559866497
GALtex_b2215,73.10751448829869
GALCTtex_b2215,44.071955072641174
GALCTNtex_b2215,21.660177563032164
GALTtex_b2215,3.3730776621033947
GALURtex_b2215,87.79587912279302
GAMtex_b2215,11.687234216312541
GBBTNtex_b2215,3.866535937528657
HIStex_b2215,7.030587275808608
HXAtex_b2215,16.997037043605097
HYXNtex_b2215,5.716505836794305
IDONtex_b2215,12.4073710961906
ILEtex_b2215,49.206298052352636
INSTtex_b2215,81.07146629944486
Ktex_b2215,85.90075055444615
D_LACtex_b2215,48.69397748846881
FRULYStex_b2215,189.45509672094911
ASPtex_b2215,3.960438089531759
INDOLEtex_b2215,1.6296093068732687
L_LACtex_b2215,56.1465321873116
GLCRtex_b2215,
GLCNtex_b2215,3.1148431613277467
GLCURtex_b2215,36.591347482581895
GLNtex_b2215,33.71724283647805
O2tex_b2215,20.732859742732188
OCTAtex_b2215,2.4838845290777267
ORNtex_b2215,50.67278510930072
RMNtex_b2215,156.66127969398335
PHEtex_b2215,13.810740346411896
PItex_b2215,3.135963096677495
PNTOtex_b2215,9.662114159923112
PPPNtex_b2215,18.06124805114177
PPTtex_b2215,
PTRCtex_b2215,37.24983390930854
PYRtex_b2215,17.608360329773753
DSERtex_b2215,31.409831285578743
SERtex_b2215,25.482258937248368
SO4tex_b2215,8.187906605771039
SPMDtex_b2215,35.94425824237529
SUCCtex_b2215,41.62688065218059
SUCRtex_b2215,113.52137918865304
TARTRtex_b2215,32.542944849274186
TAURtex_b2215,149.4652132753773
THRtex_b2215,17.82718714207399
THMDtex_b2215,9.895574658533313
METDtex_b2215,64.41883364125813
METtex_b2215,14.121853673733797
MNLtex_b2215,4.496278293525025
NAtex_b2215,68.07404667036084
NACtex_b2215,14.68635259950849
NH4tex_b2215,3.859613708617545
BUTtex_b2215,
CHLtex_b2215,18.958541425477897
CO2tex_b2215,100.93052603196041
CRNtex_b2215,3.8650936802010736
DINStex_b2215,2.8818203989468496
DMStex_b2215,49.4115363118502
CSNtex_b2215,3.0819173424428685
CYNTtex_b2215,15.682426735704437
CYStex_b2215,35.24796348356949
CYTDtex_b2215,1.8933266618935674
DCAtex_b2215,
DGSNtex_b2215,5.202732825443379
LCTStex_b2215,
LEUtex_b2215,34.78661137147608
LYStex_b2215,55.79593984678197
LYXtex_b2215,4.049308983816938
MANtex_b2215,138.82877959615854
MAN6Ptex_b2215,43.14298887135551
MELIBtex_b2215,
DMSOtex_b2215,10.398976370784881
FRUtex_b2215,68.90368601149295
FUCtex_b2215,
FUMtex_b2215,39.16480817670351
FE2tex_b2215,89.96642548625141
NMNtex_b2215,9.525952995973787
NO2tex_b2215,56.420750460116594
GDPtex_b2215,1.2225168669128155
TMAtex_b2215,122.4269757482065
TMAOtex_b2215,43.56032702746507
TREtex_b2215,50.903607341599965
TRPtex_b2215,7.556018156230529
TSULtex_b2215,9.153402445384009
TYRtex_b2215,8.753179664524161
URAtex_b2215,16.487617736279983
UREAtex_b2215,18.28386697105127
VALtex_b2215,9.929936012353386
XANtex_b2215,2.9565048009232626
XYLtex_b2215,29.369467524387897
ABUTtex_b2215,4.311953698187489
23CAMPtex_b2215,37.64404637596121
23CCMPtex_b2215,4.521279047602069
23CUMPtex_b2215,13.412057011832415
23CGMPtex_b2215,5.711751834087795
3AMPtex_b2215,-0.5168279477910255
3CMPtex_b2215,15.377096005322164
ETHSO3tex_b2215,83.3766860148507
BUTSO3tex_b2215,35.81817080147703
LIPOtex_b2215,14.551607388373938
GALBDtex_b2215,78.7978293901593
SULFACtex_b2215,47.632431684872415
NOtex_b2215,
N2Otex_b2215,4.04157229470141
PEAMNtex_b2215,20.309155764030137
PACALDtex_b2215,20.350210495338327
CYANtex_b2215,3.057382751313056
SO3tex_b2215,5.433226283268319
TCYNTtex_b2215,4.202276415940623
METSOX1tex_b2215,
METSOX2tex_b2215,27.043383189674575
3UMPtex_b2215,19.67185172939777
3GMPtex_b2215,71.83245677712058
DOPAtex_b2215,20.89408064618849
4HOXPACDtex_b2215,28.47065814596856
ETHAtex_b2215,28.534186009016025
G3PStex_b2215,3.530832453156016
ACGAL1Ptex_b2215,
ACGALtex_b2215,3.2581913889021092
GLCUR1Ptex_b2215,
UDPGLCURtex_b2215,4.56754870239537
ISETACtex_b2215,157.4453969761084
UDPGtex_b2215,0.9424940503907207
UDPGALtex_b2215,1.3194794469890432
ACGAM1Ptex_b2215,60.36796992610001
UACGAMtex_b2215,1.7056440553027399
UDPACGALtex_b2215,8.992860511635087
MSO3tex_b2215,22.129346385812113
GLYC2Ptex_b2215,35.090259660525426
PSERtex_b2215,26.61201321167596
R5Ptex_b2215,47.17651893546551
THRPtex_b2215,140.01731203092737
TYRPtex_b2215,8.97592851912982
CITtex_b2215,38.48129906957076
ACGAtex_b2215,23.977872310311483
G6Ptex_b2215,14.028520803553961
MOBDtex_b2215,22.00914690458053
NI2tex_b2215,
H2O2tex_b2215,6.219959156831343
ADEtex_b2215,44.84850325312742
AGMtex_b2215,6.664278433870063
ALAtex_b2215,2.86614864334291
BALAtex_b2215,16.430166739298972
DALAtex_b2215,18.553278136038386
AMPtex_b2215,
ARBtex_b2215,152.65225845115933
ARGtex_b2215,4.791853012990025
ASCBtex_b2215,16.65259081450406
MMETtex_b2215,16.825466043786054
FE3tex_b2215,37.77884613663869
MG2tex_b2215,66.66960063783063
Zn2tex_b2215,62.99314325614922
CD2tex_b2215,35.40137991290035
ASO3tex_b2215,67.39144901415855
MANGLYCtex_b2215,9.566470940487497
FRUURtex_b2215,148.93170402269203
GLYCAtex_b2215,2.1394992287148575
COBALT2tex_b2215,37.733345098937505
DIMPtex_b2215,17.32989302448837
XTSNtex_b2215,3.839654987128551
HG2tex_b2215,9.643572087166914
DHAtex_b2215,35.32970023841199
ETOHtex_b2215,14.631606494730157
ACACtex_b2215,51.24642595621444
ACNAMtex_b2215,15.038394187515008
H2Stex_b2215,40.905441266015785
4PEPTtex_b2215,31.38463462501946
CU2tex_b2215,29.761811239719368
CLtex_b2215,34.34356592945231
PROtex_b2215,11.80403732016369
SBTtex_b2215,28.369769015262428
AKGtex_b2215,172.04543339485312
ALLTNtex_b2215,211.69481426461195
ASNtex_b2215,20.09547465393076
TYMtex_b2215,23.217973072651986
CMPtex_b2215,6.293112979096087
DUMPtex_b2215,7.5314303387844665
XMPtex_b2215,2.281261215494672
3PEPTtex_b2215,
ANHGMtex_b2215,10.917109228332158
FALDtex_b2215,52.23174468599992
CYSDtex_b2215,35.24796348356949
G3PItex_b2215,5.231920558422665
G3PGtex_b2215,24.520709584900807
G3PEtex_b2215,20.891024498028013
G3PCtex_b2215,13.72840665184151
DAMPtex_b2215,10.201439666537603
DCMPtex_b2215,5.130885163458578
DGMPtex_b2215,14.228974020938647
DTMPtex_b2215,5.741093462401337
GMPtex_b2215,9.619264675095048
IMPtex_b2215,24.818917924962573
UMPtex_b2215,7.099646153297977
G1Ptex_b2215,
SKMtex_b2215,126.18952877140677
MNtex_b2215,45.173093120937395
GAL1Ptex_b2215,32.875551741608575
O2Stex_b2215,
HOMtex_b2215,20.299710567879533
SO2tex_b2215,32.37655513408929
ACSERtex_b2215,7.384506483514439
ALAALAtex_b2215,12.662972014196272
MALtex_b2215,20.955027581127094
NO3tex_b2215,51.45389780866766
GSNtex_b2215,26.523514976523124
FORtex_b2215,38.429065866706445
RIBtex_b2215,58.15331695129287
THMtex_b2215,10.318163151257455
XYLUtex_b2215,53.759126527451556
ALLtex_b2215,75.5980951298752
34dhpactex_b2215,82.45971985453598
23DAPPAtex_b2215,15.598849587470859
GLCtex_copy2_b2215,27.71422455778474
PPALtex_b2215,64.15955320259353
CA2tex_b2215,45.74955318637096
CUtex_b2215,38.684594672828496
12PPDRtex_b2215,12.947983987645841
F6Ptex_b2215,3.4311716992741275
GAMAN6Ptex_b2215,10.952031530134182
PROGLYtex_b2215,45.20667382952211
CGLYtex_b2215,10.125932315265716
GTHOXtex_b2215,156.2212713525655
GTHRDtex_b2215,64.10263671758206
TUNGStex_b2215,91.23896409435302
GALCTNLtex_b2215,13.847250459496337
MALDtex_b2215,38.04958304581642
OROTtex_b2215,7.966588834270871
5DGLCNtex_b2215,69.15513086405542
PPAtex_b2215,
PSCLYStex_b2215,230.44000316428907
THYMtex_b2215,14.058135792417962
MINCYCtex_b2215,11.849377205085036
DOXRBCNtex_b2215,1.3563189342282664
CMtex_b2215,3.3504518962700955
LALALGLUtex_b2215,9.648583716320072
5MTRtex_b2215,14.113688073549989
LALADGLUtex_b2215,2.9025930235763195
3HPPtex_b2215,4.627622023768472
FUSAtex_b2215,43.65928398316135
QUIN2tex_b2215,85.56036090751233
SELtex_b2215,41.834989587308904
MEOHtex_b2215,0.44226479080309117
TTRCYCtex_b2215,5.153750531594804
SLNTtex_b2215,65.36035088474252
TARTRDtex_b2215,32.542944849274186
BTNtex_b2215,19.998092668903997
ARBTtex_b2215,62.566759489566095
PYDXtex_b2215,2.4677982971914587
PYDXNtex_b2215,3.2064171761405085
PYDAMtex_b2215,5.025803822810619
CHTBStex_b2215,
CRNDtex_b2215,37.235898140347636
DXYLONtex_b2215,
PSURItex_b2215,
FMNtex_b2215,39.439384023776185
CLBtex_b2215,125.12802963535495
FADtex_b2215,38.770490830584876
2DGLCtex_b2215,
URATEtex_b2215,63.33867680024285
Ftex_b2215,
CYSItex_b2215,23.289035392776885
CS1tex_b2215,
MEPNtex_b2215,
4ABZGLUtex_b2215,
METGLCURtex_b2215,
AI2tex_b2215,5.9642782658308935
GLUtex_reverse_b2215,14.892395986731099
GLYtex_reverse_b2215,13.389001076141733
GLYALDtex_reverse_b2215,9.597835626506596
GLYBtex_reverse_b2215,29.68973503003823
GLYCtex_reverse_b2215,8.07783160613506
GLYC3Ptex_reverse_b2215,8.69864969227226
GLYCLTtex_reverse_b2215,88.98487476619628
GTPtex_reverse_b2215,9.038421269170914
Htex_reverse_b2215,23.785388166514334
H2tex_reverse_b2215,28.356391402772445
H2Otex_reverse_b2215,
DAPtex_reverse_b2215,8.267108376313486
12PPDStex_reverse_b2215,1.6581948834264852
DDGLCNtex_reverse_b2215,17.96870916625233
26DAHtex_reverse_b2215,20.282185881200675
HCINNMtex_reverse_b2215,8.726919238024974
HPPPNtex_reverse_b2215,0.8634672183127334
ACtex_reverse_b2215,54.383850514548136
ACALDtex_reverse_b2215,124.759927083155
ACMANAtex_reverse_b2215,35.807504152650054
GALtex_reverse_b2215,30.923065093800258
GALCTtex_reverse_b2215,44.071955072641174
GALCTNtex_reverse_b2215,21.660177563032164
GALTtex_reverse_b2215,28.369769015262428
GALURtex_reverse_b2215,73.69639950247587
GAMtex_reverse_b2215,3.5759826114807494
GBBTNtex_reverse_b2215,6.717761546034047
HIStex_reverse_b2215,1.4859712013093824
HXAtex_reverse_b2215,4.24726798225761
HYXNtex_reverse_b2215,5.144735446969467
IDONtex_reverse_b2215,10.736398072153422
ILEtex_reverse_b2215,77.17776513661687
INSTtex_reverse_b2215,81.07146629944486
Ktex_reverse_b2215,8.45779216227732
D_LACtex_reverse_b2215,29.703169161707017
FRULYStex_reverse_b2215,317.60006644179055
ASPtex_reverse_b2215,22.68205016436411
INDOLEtex_reverse_b2215,4.510789276028939
L_LACtex_reverse_b2215,15.949209007526123
GLCRtex_reverse_b2215,
GLCNtex_reverse_b2215,1.7266760694989807
GLCURtex_reverse_b2215,43.92987229090694
GLNtex_reverse_b2215,8.094865568057383
O2tex_reverse_b2215,1.2642095933230444
OCTAtex_reverse_b2215,11.037143695962518
ORNtex_reverse_b2215,21.763603210877044
RMNtex_reverse_b2215,90.55594033585044
PHEtex_reverse_b2215,1.1896662612335167
PItex_reverse_b2215,5.131827508611592
PNTOtex_reverse_b2215,6.740468033118004
PPPNtex_reverse_b2215,30.56526656524907
PPTtex_reverse_b2215,
PTRCtex_reverse_b2215,37.24983390930854
PYRtex_reverse_b2215,151.35146633661475
DSERtex_reverse_b2215,23.94300763671031
SERtex_reverse_b2215,12.927795377060114
SO4tex_reverse_b2215,17.618604727216585
SPMDtex_reverse_b2215,36.114794862467086
SUCCtex_reverse_b2215,17.312727422295765
SUCRtex_reverse_b2215,66.47902759875127
TARTRtex_reverse_b2215,10.608064588497976
TAURtex_reverse_b2215,292.1950221096203
THRtex_reverse_b2215,23.183175111778713
THMDtex_reverse_b2215,13.374640581946014
METDtex_reverse_b2215,59.08147044608566
METtex_reverse_b2215,64.41883364125813
MNLtex_reverse_b2215,10.896197827855056
NAtex_reverse_b2215,53.57008132436349
NACtex_reverse_b2215,10.363585685848976
NH4tex_reverse_b2215,78.19110452295975
BUTtex_reverse_b2215,
CHLtex_reverse_b2215,25.268542496071063
CO2tex_reverse_b2215,100.93052603196041
CRNtex_reverse_b2215,48.11370764477008
DINStex_reverse_b2215,45.94851369013099
DMStex_reverse_b2215,1.5272341559972624
CSNtex_reverse_b2215,12.284588048811596
CYNTtex_reverse_b2215,16.70195261830398
CYStex_reverse_b2215,35.24796348356949
CYTDtex_reverse_b2215,4.069854156021478
DCAtex_reverse_b2215,
DGSNtex_reverse_b2215,30.31092779475948
LCTStex_reverse_b2215,
LEUtex_reverse_b2215,40.463783382256466
LYStex_reverse_b2215,50.476602866751634
LYXtex_reverse_b2215,140.9405834096404
MANtex_reverse_b2215,116.55360313336216
MAN6Ptex_reverse_b2215,26.10311805598571
MELIBtex_reverse_b2215,
DMSOtex_reverse_b2215,25.748553603296962
FRUtex_reverse_b2215,67.33982712720558
FUCtex_reverse_b2215,
FUMtex_reverse_b2215,51.80240641675954
FE2tex_reverse_b2215,89.96642548625141
NMNtex_reverse_b2215,6.70844432655849
NO2tex_reverse_b2215,35.07311064881826
GDPtex_reverse_b2215,7.570443474167576
TMAtex_reverse_b2215,122.4269757482065
TMAOtex_reverse_b2215,64.53216843707065
TREtex_reverse_b2215,8.037747694656371
TRPtex_reverse_b2215,7.096757347775602
TSULtex_reverse_b2215,89.07358345160482
TYRtex_reverse_b2215,18.7520147849587
URAtex_reverse_b2215,25.537531699683072
UREAtex_reverse_b2215,60.475328488278535
VALtex_reverse_b2215,2.8016454838738594
XANtex_reverse_b2215,22.85497678759161
XYLtex_reverse_b2215,140.9405834096404
ABUTtex_reverse_b2215,16.942357388121767
23CAMPtex_reverse_b2215,25.444511931477603
23CCMPtex_reverse_b2215,1.1753019738142358
23CUMPtex_reverse_b2215,1.1487541771160559
23CGMPtex_reverse_b2215,14.274670698298207
3AMPtex_reverse_b2215,55.767764507770735
3CMPtex_reverse_b2215,3.6985397268919296
ETHSO3tex_reverse_b2215,127.74637675440223
BUTSO3tex_reverse_b2215,38.96239821667585
LIPOtex_reverse_b2215,14.551607388373938
GALBDtex_reverse_b2215,45.17488790743067
SULFACtex_reverse_b2215,35.54289295476724
NOtex_reverse_b2215,
N2Otex_reverse_b2215,43.112502546238055
PEAMNtex_reverse_b2215,20.309155764030137
PACALDtex_reverse_b2215,47.59045556009261
CYANtex_reverse_b2215,12.569098452689646
SO3tex_reverse_b2215,13.552394479545294
TCYNTtex_reverse_b2215,4.202276415940623
METSOX1tex_reverse_b2215,
METSOX2tex_reverse_b2215,27.043383189674575
3UMPtex_reverse_b2215,19.4011025688734
3GMPtex_reverse_b2215,16.16949466609535
DOPAtex_reverse_b2215,20.89408064618849
4HOXPACDtex_reverse_b2215,30.193546389991234
ETHAtex_reverse_b2215,42.090486920417774
G3PStex_reverse_b2215,21.775391160349145
ACGAL1Ptex_reverse_b2215,
ACGALtex_reverse_b2215,3.2581913889021092
GLCUR1Ptex_reverse_b2215,
UDPGLCURtex_reverse_b2215,2.795478982612876
ISETACtex_reverse_b2215,337.4930811600307
UDPGtex_reverse_b2215,1.185293752629076
UDPGALtex_reverse_b2215,3.851023517736111
ACGAM1Ptex_reverse_b2215,60.36796992610001
UACGAMtex_reverse_b2215,7.847083844681502
UDPACGALtex_reverse_b2215,3.1656626772086445
MSO3tex_reverse_b2215,16.657913565282794
GLYC2Ptex_reverse_b2215,1.4602731130867423
PSERtex_reverse_b2215,19.53442062497447
R5Ptex_reverse_b2215,17.906021096093504
THRPtex_reverse_b2215,6.069332924987446
TYRPtex_reverse_b2215,22.468767106590235
CITtex_reverse_b2215,27.769354200327296
ACGAtex_reverse_b2215,41.315320303614925
G6Ptex_reverse_b2215,43.14298887135551
MOBDtex_reverse_b2215,5.108535938511175
NI2tex_reverse_b2215,
H2O2tex_reverse_b2215,38.028205974625145
ADEtex_reverse_b2215,44.84850325312742
AGMtex_reverse_b2215,8.348229478624464
ALAtex_reverse_b2215,12.084372993701464
BALAtex_reverse_b2215,16.430166739298972
DALAtex_reverse_b2215,17.04886381531702
AMPtex_reverse_b2215,
ARBtex_reverse_b2215,131.44925628732915
ARGtex_reverse_b2215,14.282869253342579
ASCBtex_reverse_b2215,35.74853606488454
MMETtex_reverse_b2215,3.4273785576161284
FE3tex_reverse_b2215,18.585542813332584
MG2tex_reverse_b2215,29.481699526526064
Zn2tex_reverse_b2215,17.445272535908323
CD2tex_reverse_b2215,42.73887374450038
ASO3tex_reverse_b2215,3.658901339470684
MANGLYCtex_reverse_b2215,10.073318444665496
FRUURtex_reverse_b2215,32.09955073390381
GLYCAtex_reverse_b2215,24.95762963648435
COBALT2tex_reverse_b2215,2.143690496378749
DIMPtex_reverse_b2215,17.32989302448837
XTSNtex_reverse_b2215,3.7534748305973684
HG2tex_reverse_b2215,5.756892248775823
DHAtex_reverse_b2215,56.48541447229375
ETOHtex_reverse_b2215,53.637910505847195
ACACtex_reverse_b2215,19.670660388171726
ACNAMtex_reverse_b2215,9.767884501067183
H2Stex_reverse_b2215,15.784024121509741
4PEPTtex_reverse_b2215,2.6148568719235756
CU2tex_reverse_b2215,32.41442108733796
CLtex_reverse_b2215,34.34356592945231
PROtex_reverse_b2215,16.24229255568168
SBTtex_reverse_b2215,1.455776730758628
AKGtex_reverse_b2215,98.25473817226795
ALLTNtex_reverse_b2215,36.169470602468195
ASNtex_reverse_b2215,27.933664790593376
TYMtex_reverse_b2215,23.680736301868528
CMPtex_reverse_b2215,5.285496688693781
DUMPtex_reverse_b2215,3.161927179363048
XMPtex_reverse_b2215,7.839789653146735
3PEPTtex_reverse_b2215,
ANHGMtex_reverse_b2215,7.76534749380279
FALDtex_reverse_b2215,53.33319233076637
CYSDtex_reverse_b2215,35.24796348356949
G3PItex_reverse_b2215,16.249878641568824
G3PGtex_reverse_b2215,24.520709584900807
G3PEtex_reverse_b2215,6.241643800957093
G3PCtex_reverse_b2215,16.883677313899017
DAMPtex_reverse_b2215,0.9032903996912808
DCMPtex_reverse_b2215,2.276821625779386
DGMPtex_reverse_b2215,0.7769259715653918
DTMPtex_reverse_b2215,5.741093462401337
GMPtex_reverse_b2215,9.086165451346156
IMPtex_reverse_b2215,25.41235639412453
UMPtex_reverse_b2215,7.095045839267597
G1Ptex_reverse_b2215,
SKMtex_reverse_b2215,166.67055920997814
MNtex_reverse_b2215,44.6709585238958
GAL1Ptex_reverse_b2215,76.07252989107612
O2Stex_reverse_b2215,
HOMtex_reverse_b2215,3.8908929268618415
SO2tex_reverse_b2215,31.980668749715665
ACSERtex_reverse_b2215,23.083143758377158
ALAALAtex_reverse_b2215,35.29462752554062
MALtex_reverse_b2215,20.6000449579448
NO3tex_reverse_b2215,21.8932336947771
GSNtex_reverse_b2215,26.523514976523124
FORtex_reverse_b2215,26.48295203625269
RIBtex_reverse_b2215,72.18844630169531
THMtex_reverse_b2215,14.092870423150998
XYLUtex_reverse_b2215,53.759126527451556
ALLtex_reverse_b2215,74.88091608931701
34dhpactex_reverse_b2215,8.392994643646933
23DAPPAtex_reverse_b2215,16.37638981515153
GLCtex_copy2_reverse_b2215,65.80419606766662
PPALtex_reverse_b2215,23.55171176919618
CA2tex_reverse_b2215,39.56076449465293
CUtex_reverse_b2215,45.36160279153922
12PPDRtex_reverse_b2215,44.07364223788953
F6Ptex_reverse_b2215,5.411301012905215
GAMAN6Ptex_reverse_b2215,6.732706133375503
PROGLYtex_reverse_b2215,5.151968357587779
CGLYtex_reverse_b2215,12.359276139890172
GTHOXtex_reverse_b2215,89.25107946119412
GTHRDtex_reverse_b2215,105.56953985276017
TUNGStex_reverse_b2215,91.23896409435302
GALCTNLtex_reverse_b2215,14.924352636830829
MALDtex_reverse_b2215,2.784465251476542
OROTtex_reverse_b2215,38.955633508300394
5DGLCNtex_reverse_b2215,148.93170402269203
PPAtex_reverse_b2215,
PSCLYStex_reverse_b2215,24.431578543725085
THYMtex_reverse_b2215,15.659436546570648
MINCYCtex_reverse_b2215,8.89877249684997
DOXRBCNtex_reverse_b2215,0.3336520946305562
CMtex_reverse_b2215,31.041646409843707
LALALGLUtex_reverse_b2215,19.63060085361395
5MTRtex_reverse_b2215,14.113688073549989
LALADGLUtex_reverse_b2215,8.957311063826653
3HPPtex_reverse_b2215,9.035250598719989
FUSAtex_reverse_b2215,18.549906883122556
QUIN2tex_reverse_b2215,61.94042106919862
SELtex_reverse_b2215,112.00279436473878
MEOHtex_reverse_b2215,9.98947376052075
TTRCYCtex_reverse_b2215,16.21319630232089
SLNTtex_reverse_b2215,79.0427959769
TARTRDtex_reverse_b2215,9.05564629157439
BTNtex_reverse_b2215,14.588686551977556
PYDXtex_reverse_b2215,19.31036667796879
PYDXNtex_reverse_b2215,4.277056893215894
PYDAMtex_reverse_b2215,1.9504595429012737
CHTBStex_reverse_b2215,
CRNDtex_reverse_b2215,28.674549344908467
DXYLONtex_reverse_b2215,
PSURItex_reverse_b2215,
FMNtex_reverse_b2215,39.439384023776185
CLBtex_reverse_b2215,125.12802963535495
FADtex_reverse_b2215,83.35266034488032
2DGLCtex_reverse_b2215,
URATEtex_reverse_b2215,45.155771678769895
Ftex_reverse_b2215,
CYSItex_reverse_b2215,8.853443015058772
CS1tex_reverse_b2215,
MEPNtex_reverse_b2215,
4ABZGLUtex_reverse_b2215,
METGLCURtex_reverse_b2215,
AI2tex_reverse_b2215,6.550733671546967
PDH_b0114,9.302136146742939
GLUtex_b1377,41.703358085904426
GLYtex_b1377,3.455934731413484
GLYALDtex_b1377,13.670996278452739
GLYBtex_b1377,42.232308637514734
GLYCtex_b1377,32.70489787593381
GLYC3Ptex_b1377,14.89197628617957
GLYCLTtex_b1377,87.58707790169483
GTPtex_b1377,6.9510098938368925
Htex_b1377,20.12699525447939
H2tex_b1377,18.018448324747567
H2Otex_b1377,
DAPtex_b1377,12.98640727848011
12PPDStex_b1377,24.88875455459606
DDGLCNtex_b1377,6.13523187532184
26DAHtex_b1377,42.524540192693365
HCINNMtex_b1377,12.995354943291801
HPPPNtex_b1377,15.37132725247912
ACtex_b1377,57.19042595836964
ACALDtex_b1377,102.21321925750455
ACMANAtex_b1377,31.785991549799736
ACMUMtex_b1377,27.294162683407933
GALtex_b1377,17.96269798933867
GALCTtex_b1377,56.26838686637921
GALCTNtex_b1377,17.352166561893924
GALTtex_b1377,25.4359047101691
GALURtex_b1377,47.53526736809795
GAMtex_b1377,3.5277563843153215
GBBTNtex_b1377,28.969285077207697
HIStex_b1377,5.206565247518535
HXAtex_b1377,2.2549496866360816
HYXNtex_b1377,23.315726283321453
IDONtex_b1377,22.367886109877972
ILEtex_b1377,62.93179851985562
INSTtex_b1377,40.56656729233611
Ktex_b1377,10.859616586538513
D_LACtex_b1377,11.849863422298258
FRULYStex_b1377,324.2635151174341
ASPtex_b1377,19.855409599106327
INDOLEtex_b1377,5.188701366551746
L_LACtex_b1377,23.266260796709773
GLCRtex_b1377,
GLCNtex_b1377,14.336074887025639
GLCURtex_b1377,69.83990231663259
GLNtex_b1377,38.43238212970349
O2tex_b1377,23.525240844513288
OCTAtex_b1377,17.747945895863374
ORNtex_b1377,18.600147317458525
RMNtex_b1377,15.398805716128505
PHEtex_b1377,19.06532763417752
PItex_b1377,27.631423589623235
PNTOtex_b1377,7.545472239974024
PPPNtex_b1377,30.344984390218833
PPTtex_b1377,
PTRCtex_b1377,13.402127462378129
PYRtex_b1377,28.461318381193017
DSERtex_b1377,13.899060477687163
SERtex_b1377,12.587265238717123
SO4tex_b1377,20.49511893116165
SPMDtex_b1377,4.411145350850503
SUCCtex_b1377,47.01421988067387
SUCRtex_b1377,156.61516571007118
TARTRtex_b1377,46.18700037356611
TAURtex_b1377,301.4644614293952
THRtex_b1377,11.028952998071585
THMDtex_b1377,3.9776688073964652
METDtex_b1377,13.191308246801066
METtex_b1377,13.191308246801066
MNLtex_b1377,25.4359047101691
NAtex_b1377,10.950855204034397
NACtex_b1377,10.671896956966568
NH4tex_b1377,10.80993019997545
BUTtex_b1377,
CHLtex_b1377,15.052483718137465
CO2tex_b1377,47.25263364506602
CRNtex_b1377,65.75922441666026
DINStex_b1377,27.720545476959902
DMStex_b1377,45.74040094451335
CSNtex_b1377,6.442919038416717
CYNTtex_b1377,24.635634072322382
CYStex_b1377,4.469689209703472
CYTDtex_b1377,4.330583773076909
DCAtex_b1377,
DGSNtex_b1377,8.040027602571454
LCTStex_b1377,
LEUtex_b1377,64.33656343481967
LYStex_b1377,56.986076355605974
LYXtex_b1377,14.980935107520482
MANtex_b1377,12.654181742504836
MAN6Ptex_b1377,11.088252711197798
MELIBtex_b1377,
DMSOtex_b1377,23.458082551569294
FRUtex_b1377,55.43808801462236
FUCtex_b1377,
FUMtex_b1377,45.5147183692643
FE2tex_b1377,22.390247128525733
NMNtex_b1377,29.46961772460966
NO2tex_b1377,44.36258901655633
GDPtex_b1377,8.488853392415635
TMAtex_b1377,11.281007699030836
TMAOtex_b1377,40.157010448581445
TREtex_b1377,9.587580690289515
TRPtex_b1377,5.3587194583875
TSULtex_b1377,25.957503795750913
TYRtex_b1377,16.247132820985254
URAtex_b1377,8.530625665260697
UREAtex_b1377,52.863732662716984
VALtex_b1377,3.4260360512433228
XANtex_b1377,10.32471487079643
XYLtex_b1377,43.94861500426771
ABUTtex_b1377,8.509917887138581
23CAMPtex_b1377,16.216973778499877
23CCMPtex_b1377,9.812750322247451
23CUMPtex_b1377,20.838390145793362
23CGMPtex_b1377,11.406939639950906
3AMPtex_b1377,21.163801806098636
3CMPtex_b1377,35.54303032319678
ETHSO3tex_b1377,71.58324005973044
BUTSO3tex_b1377,8.46598929473371
LIPOtex_b1377,4.350678915273338
GALBDtex_b1377,50.32003218749538
SULFACtex_b1377,74.08826823513134
NOtex_b1377,
N2Otex_b1377,30.028417757094346
PEAMNtex_b1377,8.820101112588723
PACALDtex_b1377,45.31589776184381
CYANtex_b1377,44.09706625639397
SO3tex_b1377,3.9162332025300772
TCYNTtex_b1377,1.899432839942757
METSOX1tex_b1377,
METSOX2tex_b1377,43.47180727203759
3UMPtex_b1377,38.18010917563752
3GMPtex_b1377,35.81165759186591
DOPAtex_b1377,14.493925513900226
4HOXPACDtex_b1377,62.19662176413613
ETHAtex_b1377,27.144000427892394
G3PStex_b1377,22.206772661705457
ACGAL1Ptex_b1377,
ACGALtex_b1377,37.86316009098562
GLCUR1Ptex_b1377,
UDPGLCURtex_b1377,5.994294330753125
ISETACtex_b1377,243.87156547824466
UDPGtex_b1377,3.1902674880312865
UDPGALtex_b1377,2.0897254671638397
ACGAM1Ptex_b1377,97.01546466166312
UACGAMtex_b1377,8.797792374642263
UDPACGALtex_b1377,7.801755391683012
MSO3tex_b1377,48.117887680703916
GLYC2Ptex_b1377,3.405402043864395
PSERtex_b1377,20.114565033671333
R5Ptex_b1377,71.01171741118094
THRPtex_b1377,164.40648795907916
TYRPtex_b1377,27.7912789322739
CITtex_b1377,9.594345317392992
ACGAtex_b1377,11.612766607371878
G6Ptex_b1377,88.42863058545504
MOBDtex_b1377,41.97297831836589
NI2tex_b1377,
H2O2tex_b1377,3.9545412357638017
ADEtex_b1377,20.445230762718957
AGMtex_b1377,5.472006859369291
ALAtex_b1377,14.876460548413466
BALAtex_b1377,2.3648379458554656
DALAtex_b1377,26.2604928898538
AMPtex_b1377,
ARBtex_b1377,115.57738829830588
ARGtex_b1377,38.30117540260422
ASCBtex_b1377,35.48971883978528
MMETtex_b1377,19.41238779317556
FE3tex_b1377,8.679844417744734
MG2tex_b1377,38.738043712333784
Zn2tex_b1377,44.059193094726574
CD2tex_b1377,38.1478573070248
ASO3tex_b1377,45.84668961097046
MANGLYCtex_b1377,26.404831257906906
FRUURtex_b1377,173.3886566029368
GLYCAtex_b1377,12.05529990508176
COBALT2tex_b1377,5.3364160367549145
DIMPtex_b1377,10.417138372221947
XTSNtex_b1377,18.60436082295096
HG2tex_b1377,31.87749339699365
DHAtex_b1377,43.83938508751254
ETOHtex_b1377,11.900533413763446
ACACtex_b1377,34.88828395433142
H2Stex_b1377,24.759953517789025
4PEPTtex_b1377,71.11361179393641
CU2tex_b1377,30.902077081660302
CLtex_b1377,20.088040141401105
PROtex_b1377,4.626331208882835
SBTtex_b1377,2.9119372569999196
AKGtex_b1377,261.8047875984037
ALLTNtex_b1377,112.2528883797875
ASNtex_b1377,35.635562827857925
TYMtex_b1377,17.236348999107403
CMPtex_b1377,7.559725441890425
DUMPtex_b1377,34.5705976930434
XMPtex_b1377,6.300080808684014
3PEPTtex_b1377,
ANHGMtex_b1377,2.2902273786108363
FALDtex_b1377,38.408008288355276
CYSDtex_b1377,17.386383247095704
G3PItex_b1377,23.85151666288977
G3PGtex_b1377,3.0893504664987073
G3PEtex_b1377,24.729841366267927
G3PCtex_b1377,29.280280801820318
DAMPtex_b1377,1.257733003948103
DCMPtex_b1377,6.274676752990817
DGMPtex_b1377,3.703663045505205
DTMPtex_b1377,2.1769647014013804
GMPtex_b1377,9.758565070690766
IMPtex_b1377,6.803183329069681
UMPtex_b1377,13.275505000676311
G1Ptex_b1377,
SKMtex_b1377,96.41874193242518
MNtex_b1377,32.925911651177756
GAL1Ptex_b1377,153.04507222066576
O2Stex_b1377,
HOMtex_b1377,42.218142666212955
SO2tex_b1377,38.99135497075676
ACSERtex_b1377,2.8835974467801817
ALAALAtex_b1377,37.55127671846208
MALtex_b1377,6.424467086753258
NO3tex_b1377,10.935021733821447
GSNtex_b1377,8.819857374693502
FORtex_b1377,19.517122517771437
RIBtex_b1377,7.5889821173068315
THMtex_b1377,20.38062880288728
XYLUtex_b1377,53.44078614502792
ALLtex_b1377,33.80376274948473
34dhpactex_b1377,147.54986773453032
23DAPPAtex_b1377,10.831797032352883
GLCtex_copy2_b1377,87.15145241796677
PPALtex_b1377,38.32754817969748
CA2tex_b1377,29.863604573563535
CUtex_b1377,19.080195675792933
12PPDRtex_b1377,11.617939753683972
F6Ptex_b1377,25.93632773879296
GAMAN6Ptex_b1377,11.98891754950399
PROGLYtex_b1377,32.91606589067743
CGLYtex_b1377,7.104434365136702
GTHOXtex_b1377,78.49629960046802
GTHRDtex_b1377,107.1817620858579
TUNGStex_b1377,57.901922416300195
GALCTNLtex_b1377,23.84836888880507
MALDtex_b1377,57.92305287796422
OROTtex_b1377,39.68151391187914
5DGLCNtex_b1377,154.50210100425346
PPAtex_b1377,
PSCLYStex_b1377,186.49876144250848
THYMtex_b1377,5.302066758886017
MINCYCtex_b1377,2.865104899599701
DOXRBCNtex_b1377,0.6662274560715213
CMtex_b1377,-0.24747256605557597
LALALGLUtex_b1377,11.620163523172172
5MTRtex_b1377,10.053516433812563
LALADGLUtex_b1377,28.049497700502073
3HPPtex_b1377,31.360125371685676
FUSAtex_b1377,13.931790838673894
QUIN2tex_b1377,23.65429693472831
SELtex_b1377,117.73642418749942
MEOHtex_b1377,13.602486282187725
TTRCYCtex_b1377,79.32254668005187
SLNTtex_b1377,20.271257126835902
TARTRDtex_b1377,46.18700037356611
BTNtex_b1377,27.67858104800453
ARBTtex_b1377,37.35020456655755
PYDXtex_b1377,4.233612785982239
PYDXNtex_b1377,11.635256081811036
PYDAMtex_b1377,1.0915166694834961
CHTBStex_b1377,
CRNDtex_b1377,51.453856914379614
DXYLONtex_b1377,
PSURItex_b1377,
FMNtex_b1377,32.94868000541848
CLBtex_b1377,61.98129624081586
FADtex_b1377,51.00510311257536
2DGLCtex_b1377,
URATEtex_b1377,37.42282628456415
Ftex_b1377,
CYSItex_b1377,28.769850743170363
CS1tex_b1377,
MEPNtex_b1377,
4ABZGLUtex_b1377,
METGLCURtex_b1377,
AI2tex_b1377,17.420611450666023
GLUtex_reverse_b1377,32.772555208549434
GLYtex_reverse_b1377,2.984048459881258
GLYALDtex_reverse_b1377,1.3640198387439058
GLYBtex_reverse_b1377,37.53149993588731
GLYCtex_reverse_b1377,32.70489787593381
GLYC3Ptex_reverse_b1377,15.266618175245636
GLYCLTtex_reverse_b1377,13.186061787287622
GTPtex_reverse_b1377,6.9510098938368925
Htex_reverse_b1377,23.191255969913716
H2tex_reverse_b1377,32.76515316317489
H2Otex_reverse_b1377,
DAPtex_reverse_b1377,3.3702040139729963
12PPDStex_reverse_b1377,37.47562355340573
DDGLCNtex_reverse_b1377,2.8238885340141313
26DAHtex_reverse_b1377,100.30200817081118
HCINNMtex_reverse_b1377,12.995354943291801
HPPPNtex_reverse_b1377,19.075017605835168
ACtex_reverse_b1377,30.16649798842527
ACALDtex_reverse_b1377,74.12268343717221
ACMANAtex_reverse_b1377,36.4734735761529
GALtex_reverse_b1377,19.189628923814816
GALCTtex_reverse_b1377,22.802503303589393
GALCTNtex_reverse_b1377,23.84836888880507
GALTtex_reverse_b1377,6.31302858851112
GALURtex_reverse_b1377,52.790378940183565
GAMtex_reverse_b1377,15.144384849298898
GBBTNtex_reverse_b1377,30.05709432090918
HIStex_reverse_b1377,16.294398378466774
HXAtex_reverse_b1377,10.125735762568477
HYXNtex_reverse_b1377,23.315726283321453
IDONtex_reverse_b1377,23.84836888880507
ILEtex_reverse_b1377,22.737464306929805
INSTtex_reverse_b1377,64.65973154509386
Ktex_reverse_b1377,18.42049388291291
D_LACtex_reverse_b1377,5.697587256384759
FRULYStex_reverse_b1377,117.94977367059874
ASPtex_reverse_b1377,18.52721667864948
INDOLEtex_reverse_b1377,5.019708646912838
L_LACtex_reverse_b1377,16.289011536656975
GLCRtex_reverse_b1377,
GLCNtex_reverse_b1377,23.84836888880507
GLCURtex_reverse_b1377,45.22009465120099
GLNtex_reverse_b1377,23.21234170752001
O2tex_reverse_b1377,20.30543070978308
OCTAtex_reverse_b1377,10.285839802392763
ORNtex_reverse_b1377,14.509074410056039
RMNtex_reverse_b1377,129.15001502516463
PHEtex_reverse_b1377,13.577533246014383
PItex_reverse_b1377,49.23234381563168
PNTOtex_reverse_b1377,2.0804637936175903
PPPNtex_reverse_b1377,2.601286081039508
PPTtex_reverse_b1377,
PTRCtex_reverse_b1377,30.242259184358748
PYRtex_reverse_b1377,41.553035829509945
DSERtex_reverse_b1377,27.151498749249424
SERtex_reverse_b1377,24.025222357296315
SO4tex_reverse_b1377,15.785771369612593
SPMDtex_reverse_b1377,44.46579223399313
SUCCtex_reverse_b1377,21.86888911894254
SUCRtex_reverse_b1377,172.74627295270454
TARTRtex_reverse_b1377,10.117142118253703
TAURtex_reverse_b1377,301.4644614293952
THRtex_reverse_b1377,2.9838413796303085
THMDtex_reverse_b1377,23.192149489516826
METDtex_reverse_b1377,87.89672410618772
METtex_reverse_b1377,87.89672410618772
MNLtex_reverse_b1377,15.599576497675459
NAtex_reverse_b1377,51.16237291354077
NACtex_reverse_b1377,10.671896956966568
NH4tex_reverse_b1377,27.936610240793552
BUTtex_reverse_b1377,
CHLtex_reverse_b1377,3.8958284470309006
CO2tex_reverse_b1377,56.72445543728819
CRNtex_reverse_b1377,65.75922441666026
DINStex_reverse_b1377,27.720545476959902
DMStex_reverse_b1377,36.16598825814835
CSNtex_reverse_b1377,9.749774454889852
CYNTtex_reverse_b1377,12.229062681031206
CYStex_reverse_b1377,9.081110605070004
CYTDtex_reverse_b1377,12.304600921103209
DCAtex_reverse_b1377,
DGSNtex_reverse_b1377,21.092964975932365
LCTStex_reverse_b1377,
LEUtex_reverse_b1377,64.33656343481967
LYStex_reverse_b1377,52.314941697399476
LYXtex_reverse_b1377,14.980935107520482
MANtex_reverse_b1377,102.8700514863824
MAN6Ptex_reverse_b1377,72.72217004355062
MELIBtex_reverse_b1377,
DMSOtex_reverse_b1377,12.336883058097786
FRUtex_reverse_b1377,17.825049528634395
FUCtex_reverse_b1377,
FUMtex_reverse_b1377,45.5147183692643
FE2tex_reverse_b1377,9.750593107841867
NMNtex_reverse_b1377,38.738862325370086
NO2tex_reverse_b1377,30.064304277649708
GDPtex_reverse_b1377,2.923852076476819
TMAtex_reverse_b1377,60.10527293743536
TMAOtex_reverse_b1377,67.8264918782724
TREtex_reverse_b1377,41.5466022569323
TRPtex_reverse_b1377,11.504416339721162
TSULtex_reverse_b1377,57.66898632993084
TYRtex_reverse_b1377,13.818903475130579
URAtex_reverse_b1377,19.02997179667853
UREAtex_reverse_b1377,52.863732662716984
VALtex_reverse_b1377,36.60277370214158
XANtex_reverse_b1377,35.921513611520936
XYLtex_reverse_b1377,135.7279210385794
ABUTtex_reverse_b1377,38.143869160181175
23CAMPtex_reverse_b1377,9.028721104814942
23CCMPtex_reverse_b1377,1.5330883942343214
23CUMPtex_reverse_b1377,20.838390145793362
23CGMPtex_reverse_b1377,3.315809017517025
3AMPtex_reverse_b1377,18.591723576168114
3CMPtex_reverse_b1377,35.54303032319678
ETHSO3tex_reverse_b1377,23.459902887960308
BUTSO3tex_reverse_b1377,5.066902337965782
LIPOtex_reverse_b1377,14.32753652320074
GALBDtex_reverse_b1377,32.28287454906001
SULFACtex_reverse_b1377,29.64352055288169
NOtex_reverse_b1377,
N2Otex_reverse_b1377,92.3008944928683
PEAMNtex_reverse_b1377,31.40994849704337
PACALDtex_reverse_b1377,40.20382102492867
CYANtex_reverse_b1377,44.09706625639397
SO3tex_reverse_b1377,4.985441411784415
TCYNTtex_reverse_b1377,4.100268044710733
METSOX1tex_reverse_b1377,
METSOX2tex_reverse_b1377,25.07542227472945
3UMPtex_reverse_b1377,9.97616423575415
3GMPtex_reverse_b1377,45.5415644882261
DOPAtex_reverse_b1377,48.665668961314736
4HOXPACDtex_reverse_b1377,61.31463630503362
ETHAtex_reverse_b1377,21.950686612832612
G3PStex_reverse_b1377,16.302055338432886
ACGAL1Ptex_reverse_b1377,
ACGALtex_reverse_b1377,19.355068466686127
GLCUR1Ptex_reverse_b1377,
UDPGLCURtex_reverse_b1377,11.322312723654385
ISETACtex_reverse_b1377,26.925429186437643
UDPGtex_reverse_b1377,10.90168265047012
UDPGALtex_reverse_b1377,12.769054013202052
ACGAM1Ptex_reverse_b1377,41.36428156577191
UACGAMtex_reverse_b1377,15.320236234476246
UDPACGALtex_reverse_b1377,4.33937443607266
MSO3tex_reverse_b1377,16.55503020937833
GLYC2Ptex_reverse_b1377,38.28773677155106
PSERtex_reverse_b1377,39.83208860477821
R5Ptex_reverse_b1377,22.826658989768024
THRPtex_reverse_b1377,194.11301313370467
TYRPtex_reverse_b1377,23.074312910366903
CITtex_reverse_b1377,14.963663645035044
ACGAtex_reverse_b1377,7.107716158479853
G6Ptex_reverse_b1377,88.42863058545504
MOBDtex_reverse_b1377,3.025972388382681
NI2tex_reverse_b1377,
H2O2tex_reverse_b1377,46.869804368229325
ADEtex_reverse_b1377,16.409072299090745
AGMtex_reverse_b1377,2.8867213529787943
ALAtex_reverse_b1377,8.056192392361728
BALAtex_reverse_b1377,22.268019371417996
DALAtex_reverse_b1377,24.05892673409808
AMPtex_reverse_b1377,
ARBtex_reverse_b1377,82.6892309535777
ARGtex_reverse_b1377,38.30117540260422
ASCBtex_reverse_b1377,34.77709145784072
MMETtex_reverse_b1377,19.41238779317556
FE3tex_reverse_b1377,40.77177653594576
MG2tex_reverse_b1377,38.738043712333784
Zn2tex_reverse_b1377,44.059193094726574
CD2tex_reverse_b1377,7.80680523594045
ASO3tex_reverse_b1377,19.236970455585276
MANGLYCtex_reverse_b1377,26.404831257906906
FRUURtex_reverse_b1377,171.66434293633912
GLYCAtex_reverse_b1377,7.9362992266507835
COBALT2tex_reverse_b1377,12.763139441120341
DIMPtex_reverse_b1377,14.260952736645287
XTSNtex_reverse_b1377,18.60436082295096
HG2tex_reverse_b1377,23.194235242580593
DHAtex_reverse_b1377,28.098210634341942
ETOHtex_reverse_b1377,32.97962290065704
ACACtex_reverse_b1377,28.10136408009306
H2Stex_reverse_b1377,24.759953517789025
4PEPTtex_reverse_b1377,18.376577256365923
CU2tex_reverse_b1377,30.902077081660302
CLtex_reverse_b1377,20.088040141401105
PROtex_reverse_b1377,2.6609677492012898
SBTtex_reverse_b1377,11.581462407010156
AKGtex_reverse_b1377,117.54925962485075
ALLTNtex_reverse_b1377,81.71539853590323
ASNtex_reverse_b1377,37.494298184133115
TYMtex_reverse_b1377,24.410084689089977
CMPtex_reverse_b1377,6.204214762255312
DUMPtex_reverse_b1377,34.5705976930434
XMPtex_reverse_b1377,10.277407033290844
3PEPTtex_reverse_b1377,
ANHGMtex_reverse_b1377,5.95194187588983
FALDtex_reverse_b1377,25.688553871704208
CYSDtex_reverse_b1377,11.690470064960152
G3PItex_reverse_b1377,7.350135345285451
G3PGtex_reverse_b1377,24.408613867340804
G3PEtex_reverse_b1377,5.708578379276697
G3PCtex_reverse_b1377,31.706940402436164
DAMPtex_reverse_b1377,13.518824284324687
DCMPtex_reverse_b1377,6.509771027784098
DGMPtex_reverse_b1377,2.253177598549312
DTMPtex_reverse_b1377,1.0702654608984277
GMPtex_reverse_b1377,6.023860103296059
IMPtex_reverse_b1377,51.180242552028275
UMPtex_reverse_b1377,30.830297811969245
G1Ptex_reverse_b1377,
SKMtex_reverse_b1377,116.75767649438446
MNtex_reverse_b1377,6.722053166019287
GAL1Ptex_reverse_b1377,121.5011719788269
O2Stex_reverse_b1377,
HOMtex_reverse_b1377,42.218142666212955
SO2tex_reverse_b1377,32.66459097578586
ACSERtex_reverse_b1377,32.5021201443908
ALAALAtex_reverse_b1377,59.06156293062725
MALtex_reverse_b1377,17.831258496354142
NO3tex_reverse_b1377,5.336918662968848
GSNtex_reverse_b1377,2.2468489958182736
FORtex_reverse_b1377,68.8896177318296
RIBtex_reverse_b1377,40.73728597436227
THMtex_reverse_b1377,20.861371211575783
XYLUtex_reverse_b1377,53.44078614502792
ALLtex_reverse_b1377,7.408111936022535
34dhpactex_reverse_b1377,85.72403996064924
23DAPPAtex_reverse_b1377,5.851975169211227
GLCtex_copy2_reverse_b1377,17.84327103191309
PPALtex_reverse_b1377,38.32754817969748
CA2tex_reverse_b1377,19.038815681911323
CUtex_reverse_b1377,16.47877511480782
12PPDRtex_reverse_b1377,37.47562355340573
F6Ptex_reverse_b1377,1.1582643202080165
GAMAN6Ptex_reverse_b1377,18.677953741586
PROGLYtex_reverse_b1377,11.404549054839867
CGLYtex_reverse_b1377,41.52902805311204
GTHOXtex_reverse_b1377,129.2811977414094
GTHRDtex_reverse_b1377,96.29547975299427
TUNGStex_reverse_b1377,65.486672754929
GALCTNLtex_reverse_b1377,18.60683081452641
MALDtex_reverse_b1377,40.43857662688049
OROTtex_reverse_b1377,33.47645600666068
5DGLCNtex_reverse_b1377,173.3886566029368
PPAtex_reverse_b1377,
PSCLYStex_reverse_b1377,68.18716315228588
THYMtex_reverse_b1377,4.483352123126106
MINCYCtex_reverse_b1377,3.334678080354876
DOXRBCNtex_reverse_b1377,2.665663578214834
CMtex_reverse_b1377,20.768139111286544
LALALGLUtex_reverse_b1377,28.049497700502073
5MTRtex_reverse_b1377,5.025175346041405
LALADGLUtex_reverse_b1377,24.12145223618573
3HPPtex_reverse_b1377,31.360125371685676
FUSAtex_reverse_b1377,69.92413733431859
QUIN2tex_reverse_b1377,80.89376456050529
SELtex_reverse_b1377,47.05028882794576
MEOHtex_reverse_b1377,3.5746395067736856
TTRCYCtex_reverse_b1377,79.32254668005187
SLNTtex_reverse_b1377,36.31757180592726
TARTRDtex_reverse_b1377,35.43486135223343
BTNtex_reverse_b1377,25.607046825993336
PYDXtex_reverse_b1377,4.207544258431039
PYDXNtex_reverse_b1377,9.16402698352274
PYDAMtex_reverse_b1377,3.8153566534785424
CHTBStex_reverse_b1377,
CRNDtex_reverse_b1377,27.08230412377189
DXYLONtex_reverse_b1377,
PSURItex_reverse_b1377,
FMNtex_reverse_b1377,9.120994323186803
CLBtex_reverse_b1377,105.17466413915507
FADtex_reverse_b1377,74.79934723693931
2DGLCtex_reverse_b1377,
URATEtex_reverse_b1377,48.17484937842787
Ftex_reverse_b1377,
CYSItex_reverse_b1377,34.14747163745681
CS1tex_reverse_b1377,
MEPNtex_reverse_b1377,
4ABZGLUtex_reverse_b1377,
METGLCURtex_reverse_b1377,
AI2tex_reverse_b1377,9.900604122009128
FBA_b2925,2.4928935222821886
FBA3_b2925,12.338441560879081
FBA_reverse_b2925,4.069183661679296
FBA3_reverse_b2925,0.3018212430908089
ATPS4rpp_b3738,16.868714320261795
ATPS4rpp_reverse_b3738,2.495718392672657
CYTBO3_4pp_b0431,35.867256922209094
ATPS4rpp_b3734,88.28867727635877
ATPS4rpp_reverse_b3734,107.08385686845425
ATPS4rpp_b3736,9.54901447636975
ATPS4rpp_reverse_b3736,10.579054882326338
ATPS4rpp_b3733,21.26469618680865
ATPS4rpp_reverse_b3733,5.6652730116387175
PTAr_b2297,12.592336396758977
PTA2_b2297,26.17684266440232
PTAr_reverse_b2297,13.538825317365234
CYTBO3_4pp_b0432,23.076965477156858
ATPS4rpp_b3735,1.8312962194432083
ATPS4rpp_reverse_b3735,-0.02699374557992845
TALA_b2464,27.24649643185916
TALA_reverse_b2464,9.61430174482777
CYTBO3_4pp_b0430,18.201017006362285
PYK_b1854,60.63155786309431
PYK2_b1854,20.963483702752782
PYK3_b1854,39.89529850514688
PYK4_b1854,38.49377483516991
PYK6_b1854,24.966442838328028
ATPS4rpp_b3731,98.40523531760714
ATPS4rpp_reverse_b3731,77.25108163572266
PFK_3_b3916,5.941704533200069
PFK_2_b3916,3.7847847332313798
PFK_b3916,3.171528597954014
